deltaT, accX, accY, accZ, thetaX, thetaY, thetaZ
9778344, -0.0666504, -0.0356445, 0.9064942, -3.8096327, 4.6372222, -1.7027043
9944, -0.0666504, -0.0339355, 0.9020997, -3.7714118, 4.6269087, -1.7040867
9824, -0.0727539, -0.0371094, 0.9018555, -3.7403497, 4.6253399, -1.7040944
9832, -0.0693359, -0.0378418, 0.9069825, -3.7088298, 4.6149063, -1.7051714
9832, -0.0642090, -0.0417480, 0.9079590, -3.6840968, 4.6018586, -1.7060203
9800, -0.0683594, -0.0358887, 0.9038086, -3.6517028, 4.5940465, -1.7071271
9824, -0.0659180, -0.0412598, 0.9074707, -3.6270041, 4.5805354, -1.7083569
106852, -0.0664063, -0.0361328, 0.8989258, -3.6015100, 4.5981945, -1.6970118
9880, -0.0605469, -0.0429687, 0.8994141, -3.5832226, 4.5795297, -1.6947301
9820, -0.0654297, -0.0285645, 0.9064942, -3.5450389, 4.5695424, -1.6946003
9816, -0.0644531, -0.0336914, 0.9040528, -3.5146744, 4.5582118, -1.6947613
9840, -0.0656738, -0.0380859, 0.9045411, -3.4891326, 4.5489263, -1.6937011
9820, -0.0649414, -0.0312500, 0.9040528, -3.4565093, 4.5378575, -1.6927468
12340, -0.0654297, -0.0344238, 0.8940430, -3.4298400, 4.5278115, -1.6920241
9848, -0.0639648, -0.0351562, 0.8989258, -3.4036030, 4.5188217, -1.6929485
9812, -0.0661621, -0.0339355, 0.9045411, -3.3765642, 4.5084261, -1.6938730
9828, -0.0598145, -0.0358887, 0.9060059, -3.3506376, 4.4920539, -1.6935760
9804, -0.0695801, -0.0354004, 0.9072266, -3.3261601, 4.4863095, -1.6944080
9792, -0.0676270, -0.0351562, 0.8984375, -3.3005938, 4.4795141, -1.6941408
9824, -0.0637207, -0.0346680, 0.9077149, -3.2759990, 4.4700574, -1.6953705
12312, -0.0654297, -0.0327148, 0.9020997, -3.2487454, 4.4619960, -1.6945876
9860, -0.0681152, -0.0388184, 0.8979493, -3.2302765, 4.4576168, -1.6943202
9824, -0.0673828, -0.0339355, 0.9033204, -3.2040112, 4.4504837, -1.6934126
9828, -0.0666504, -0.0410156, 0.9072266, -3.1886494, 4.4428973, -1.6939698
9808, -0.0659180, -0.0397949, 0.9023438, -3.1726355, 4.4340109, -1.6951995
9812, -0.0712891, -0.0314941, 0.9116211, -3.1449308, 4.4308133, -1.6950553
9840, -0.0710449, -0.0300293, 0.9086915, -3.1173603, 4.4281530, -1.6953377
12324, -0.0690918, -0.0378418, 0.8981934, -3.0979545, 4.4223160, -1.6946149
9852, -0.0700684, -0.0346680, 0.9074707, -3.0770466, 4.4186906, -1.6941204
9792, -0.0661621, -0.0397949, 0.9062500, -3.0635340, 4.4103951, -1.6938531
9808, -0.0700684, -0.0310059, 0.9082032, -3.0386521, 4.4069137, -1.6948225
9804, -0.0681152, -0.0307617, 0.9074707, -3.0133423, 4.4015994, -1.6943728
9820, -0.0739746, -0.0310059, 0.9125977, -2.9885697, 4.4029955, -1.6951446
12348, -0.0703125, -0.0410156, 0.8981934, -2.9772276, 4.3999361, -1.6949715
9864, -0.0629883, -0.0390625, 0.9091797, -2.9642419, 4.3860754, -1.6958960
9804, -0.0654297, -0.0324707, 0.9067383, -2.9432988, 4.3775844, -1.6949417
9828, -0.0693359, -0.0341797, 0.9033204, -2.9249248, 4.3748540, -1.6954082
9816, -0.0700684, -0.0297852, 0.9091797, -2.9009122, 4.3724870, -1.6949585
9804, -0.0700684, -0.0344238, 0.9160157, -2.8828287, 4.3687591, -1.6944165
9824, -0.0693359, -0.0388184, 0.9125977, -2.8705404, 4.3637757, -1.6935088
12304, -0.0625000, -0.0378418, 0.9023438, -2.8589460, 4.3516902, -1.6931228
9848, -0.0708008, -0.0358887, 0.9055176, -2.8452995, 4.3489937, -1.6935425
9804, -0.0739746, -0.0314941, 0.9104004, -2.8244519, 4.3524341, -1.6942372
9820, -0.0632324, -0.0256348, 0.9086915, -2.7976720, 4.3418478, -1.6940929
9828, -0.0656738, -0.0373535, 0.9052735, -2.7842476, 4.3354611, -1.6932761
9836, -0.0732422, -0.0280762, 0.9089356, -2.7600939, 4.3383889, -1.6939572
9812, -0.0656738, -0.0375977, 0.9223633, -2.7480196, 4.3287510, -1.6942396
12316, -0.0659180, -0.0346680, 0.9082032, -2.7342531, 4.3242177, -1.6942489
9860, -0.0695801, -0.0285645, 0.9194336, -2.7120633, 4.3212189, -1.6930198
9820, -0.0693359, -0.0358887, 0.9128418, -2.6984584, 4.3156781, -1.6938687
17288, -0.0739746, -0.0454102, 0.9062500, -2.6984550, 4.3201694, -1.6936235
12100, -0.0622559, -0.0434570, 0.9174805, -2.6950516, 4.3065042, -1.6932969
9916, -0.0720215, -0.0493164, 0.9052735, -2.6978211, 4.3052468, -1.6933053
9840, -0.0700684, -0.0441895, 0.9108887, -2.6943440, 4.3011913, -1.6948405
28036, -0.0710449, -0.0366211, 0.8996582, -2.6891648, 4.3001379, -1.6940388
9864, -0.0712891, -0.0317383, 0.8962403, -2.6745390, 4.3019127, -1.6943840
9848, -0.0703125, -0.0339355, 0.8962403, -2.6624236, 4.3033413, -1.6956281
9844, -0.0688477, -0.0295410, 0.9016114, -2.6448853, 4.3034195, -1.6960946
9840, -0.0666504, -0.0383301, 0.8989258, -2.6364569, 4.2985014, -1.6977510
9832, -0.0620117, -0.0427246, 0.9067383, -2.6350722, 4.2883911, -1.6997442
12352, -0.0690918, -0.0292969, 0.9047852, -2.6187372, 4.2846274, -1.7006703
9844, -0.0678711, -0.0344238, 0.8969727, -2.6086668, 4.2817678, -1.7003734
9816, -0.0666504, -0.0402832, 0.8986817, -2.6024813, 4.2771348, -1.6995565
9820, -0.0610352, -0.0329590, 0.9011231, -2.5881149, 4.2665877, -1.6992596
9828, -0.0671387, -0.0332031, 0.9011231, -2.5757234, 4.2654786, -1.6981993
9844, -0.0637207, -0.0351562, 0.9069825, -2.5687370, 4.2584304, -1.6986191
9820, -0.0644531, -0.0363770, 0.9033204, -2.5584111, 4.2522611, -1.6992382
12352, -0.0666504, -0.0317383, 0.8935547, -2.5461966, 4.2499089, -1.7004399
9848, -0.0666504, -0.0327148, 0.8991700, -2.5348279, 4.2467980, -1.7011345
9812, -0.0661621, -0.0332031, 0.8996582, -2.5237267, 4.2417201, -1.7008672
9828, -0.0603027, -0.0356445, 0.9079590, -2.5144612, 4.2326374, -1.7011810
9808, -0.0659180, -0.0334473, 0.8981934, -2.5037231, 4.2288622, -1.7021504
9828, -0.0644531, -0.0400391, 0.9008790, -2.5022380, 4.2224121, -1.7014880
9800, -0.0695801, -0.0339355, 0.9101563, -2.4912774, 4.2234110, -1.7001214
12328, -0.0637207, -0.0280762, 0.9052735, -2.4749336, 4.2176842, -1.7017804
9848, -0.0637207, -0.0356445, 0.9067383, -2.4666442, 4.2111673, -1.7012383
9836, -0.0678711, -0.0412598, 0.8955079, -2.4667878, 4.2099065, -1.7015834
9816, -0.0605469, -0.0393066, 0.8950196, -2.4643745, 4.2003355, -1.7026903
9800, -0.0649414, -0.0385742, 0.9074707, -2.4616582, 4.1949429, -1.7039201
9812, -0.0681152, -0.0329590, 0.9072266, -2.4513497, 4.1939878, -1.7054390
12328, -0.0673828, -0.0373535, 0.9042969, -2.4471797, 4.1922388, -1.7041667
9868, -0.0637207, -0.0358887, 0.8994141, -2.4405937, 4.1858725, -1.7026629
9824, -0.0683594, -0.0371094, 0.9030762, -2.4339802, 4.1855516, -1.7028240
9808, -0.0639648, -0.0354004, 0.9111329, -2.4266965, 4.1784219, -1.7024193
9832, -0.0693359, -0.0380859, 0.9047852, -2.4217259, 4.1793823, -1.7029324
9816, -0.0700684, -0.0314941, 0.9067383, -2.4115188, 4.1818208, -1.7028026
9812, -0.0668945, -0.0297852, 0.9099122, -2.3977625, 4.1792855, -1.7032223
12372, -0.0617676, -0.0354004, 0.8986817, -2.3923132, 4.1709170, -1.7032325
9864, -0.0637207, -0.0383301, 0.9079590, -2.3884303, 4.1647934, -1.7047533
9808, -0.0676270, -0.0341797, 0.9128418, -2.3801360, 4.1612372, -1.7064096
9820, -0.0549316, -0.0397949, 0.9038086, -2.3791136, 4.1451716, -1.7059600
9804, -0.0676270, -0.0295410, 0.9172364, -2.3686676, 4.1424326, -1.7058301
9820, -0.0710449, -0.0288086, 0.9160157, -2.3557541, 4.1445789, -1.7055629
9812, -0.0708008, -0.0341797, 0.9182129, -2.3456919, 4.1449913, -1.7042286
12324, -0.0690918, -0.0368652, 0.9042969, -2.3424453, 4.1456165, -1.7038722
9872, -0.0644531, -0.0361328, 0.9079590, -2.3370265, 4.1422290, -1.7027806
9796, -0.0712891, -0.0273438, 0.9042969, -2.3230845, 4.1472740, -1.7012623
9832, -0.0722656, -0.0307617, 0.9091797, -2.3118705, 4.1511363, -1.7009654
9816, -0.0676270, -0.0336914, 0.9099122, -2.3041167, 4.1484179, -1.6995988
9824, -0.0695801, -0.0288086, 0.9047852, -2.2910985, 4.1510710, -1.7002179
17288, -0.0742188, -0.0363770, 0.9082032, -2.2916219, 4.1599249, -1.7027063
14656, -0.0708008, -0.0292969, 0.9077149, -2.2795870, 4.1588554, -1.7005806
9884, -0.0698242, -0.0358887, 0.9194336, -2.2745535, 4.1594867, -1.7004508
9844, -0.0756836, -0.0388184, 0.9133301, -2.2727513, 4.1669902, -1.6992218
9864, -0.0761719, -0.0390625, 0.9116211, -2.2735111, 4.1745300, -1.6993989
9864, -0.0693359, -0.0390625, 0.9128418, -2.2707109, 4.1742939, -1.6988569
9820, -0.0783691, -0.0410156, 0.9047852, -2.2728664, 4.1838226, -1.7002394
19612, -0.0698242, -0.0473633, 0.9108887, -2.2795982, 4.1845464, -1.6990347
9876, -0.0668945, -0.0483398, 0.8981934, -2.2917454, 4.1832785, -1.6978218
9844, -0.0725098, -0.0380859, 0.9121094, -2.2909684, 4.1881690, -1.6974172
9832, -0.0739746, -0.0351562, 0.9011231, -2.2880330, 4.1933350, -1.6963570
9836, -0.0717773, -0.0310059, 0.9062500, -2.2785296, 4.1962323, -1.6959073
9844, -0.0747070, -0.0295410, 0.9094239, -2.2684843, 4.2038135, -1.6968317
9828, -0.0695801, -0.0319824, 0.8996582, -2.2608544, 4.2064347, -1.6965348
12392, -0.0739746, -0.0373535, 0.9079590, -2.2596759, 4.2104511, -1.6969113
9860, -0.0725098, -0.0417480, 0.9108887, -2.2641248, 4.2133636, -1.6965067
9808, -0.0695801, -0.0371094, 0.9072266, -2.2634935, 4.2128539, -1.6960570
9812, -0.0690918, -0.0300293, 0.8989258, -2.2551977, 4.2152404, -1.6980502
9788, -0.0712891, -0.0314941, 0.9040528, -2.2483768, 4.2196364, -1.6999814
9820, -0.0600586, -0.0332031, 0.9030762, -2.2440361, 4.2100715, -1.6995317
9804, -0.0659180, -0.0383301, 0.8979493, -2.2479338, 4.2073879, -1.7003035
12340, -0.0710449, -0.0368652, 0.9006348, -2.2475175, 4.2096676, -1.7008166
9840, -0.0742188, -0.0310059, 0.9057618, -2.2390275, 4.2173542, -1.6998623
9828, -0.0688477, -0.0400391, 0.9118653, -2.2434892, 4.2159681, -1.6984967
9816, -0.0700684, -0.0341797, 0.9030762, -2.2401387, 4.2178316, -1.6983524
9812, -0.0698242, -0.0395508, 0.9030762, -2.2434816, 4.2184281, -1.6969867
9812, -0.0642090, -0.0385742, 0.8991700, -2.2433404, 4.2121987, -1.6978187
9808, -0.0566406, -0.0373535, 0.9057618, -2.2436826, 4.1982417, -1.6975514
12396, -0.0681152, -0.0327148, 0.9038086, -2.2382619, 4.1969900, -1.6973639
9860, -0.0622559, -0.0356445, 0.9038086, -2.2370460, 4.1905984, -1.6987464
9804, -0.0661621, -0.0356445, 0.9060059, -2.2345178, 4.1887178, -1.6984791
9824, -0.0605469, -0.0395508, 0.9033204, -2.2369127, 4.1799998, -1.6987929
9808, -0.0666504, -0.0395508, 0.8996582, -2.2383241, 4.1767086, -1.6993501
9812, -0.0654297, -0.0378418, 0.9040528, -2.2374567, 4.1734728, -1.6998166
12380, -0.0627441, -0.0339355, 0.9013672, -2.2327759, 4.1652359, -1.6985442
9872, -0.0603027, -0.0324707, 0.8977051, -2.2267367, 4.1582870, -1.6996212
9816, -0.0676270, -0.0317383, 0.9050293, -2.2191238, 4.1579065, -1.6989418
9832, -0.0671387, -0.0332031, 0.9018555, -2.2134838, 4.1571111, -1.6997136
9840, -0.0656738, -0.0344238, 0.9123536, -2.2099204, 4.1531057, -1.7010960
9816, -0.0642090, -0.0336914, 0.8984375, -2.2072393, 4.1502695, -1.7027524
9808, -0.0678711, -0.0349121, 0.9057618, -2.2053048, 4.1489787, -1.7036769
12368, -0.0642090, -0.0317383, 0.9069825, -2.1975848, 4.1451349, -1.7022985
9852, -0.0634766, -0.0410156, 0.9013672, -2.2033412, 4.1407165, -1.7001075
9804, -0.0678711, -0.0329590, 0.9047852, -2.1960167, 4.1406297, -1.6994280
9812, -0.0673828, -0.0380859, 0.9060059, -2.1964023, 4.1413373, -1.7008105
9792, -0.0700684, -0.0419922, 0.9011231, -2.2032780, 4.1414709, -1.7021930
9792, -0.0678711, -0.0336914, 0.9082032, -2.1974949, 4.1405487, -1.7018960
9812, -0.0700684, -0.0290527, 0.9057618, -2.1874639, 4.1432676, -1.7024532
12364, -0.0632324, -0.0405273, 0.9060059, -2.1929671, 4.1385474, -1.7017304
9840, -0.0661621, -0.0400391, 0.9047852, -2.1964352, 4.1353144, -1.7010680
17368, -0.0698242, -0.0336914, 0.9052735, -2.1907124, 4.1349964, -1.6995251
12128, -0.0700684, -0.0380859, 0.9160157, -2.1917829, 4.1376485, -1.6988023
9916, -0.0725098, -0.0373535, 0.9147950, -2.1914975, 4.1435427, -1.6983977
9840, -0.0737305, -0.0322266, 0.9157715, -2.1837196, 4.1492428, -1.7006962
12400, -0.0649414, -0.0344238, 0.9104004, -2.1811201, 4.1453475, -1.7018055
9884, -0.0683594, -0.0388184, 0.9045411, -2.1834356, 4.1457080, -1.7015086
9816, -0.0646973, -0.0410156, 0.9062500, -2.1855337, 4.1416792, -1.7017910
9812, -0.0666504, -0.0388184, 0.9057618, -2.1867365, 4.1375498, -1.7022575
9816, -0.0690918, -0.0275879, 0.9150391, -2.1753571, 4.1367721, -1.7011972
9828, -0.0732422, -0.0305176, 0.9147950, -2.1678531, 4.1429820, -1.7005177
9820, -0.0681152, -0.0273438, 0.9152832, -2.1556932, 4.1431589, -1.7014422
19652, -0.0737305, -0.0363770, 0.9138184, -2.1513617, 4.1455960, -1.6990163
9884, -0.0732422, -0.0383301, 0.9182129, -2.1500117, 4.1471896, -1.6996354
9848, -0.0715332, -0.0478516, 0.9016114, -2.1636645, 4.1499466, -1.6999177
9860, -0.0725098, -0.0383301, 0.9082032, -2.1645970, 4.1534919, -1.6990873
9828, -0.0747070, -0.0417480, 0.9064942, -2.1698443, 4.1626048, -1.6973086
9816, -0.0656738, -0.0478516, 0.9108887, -2.1824996, 4.1598138, -1.6953926
9852, -0.0751953, -0.0346680, 0.9094239, -2.1780741, 4.1670231, -1.6938743
12404, -0.0717773, -0.0471191, 0.9121094, -2.1873281, 4.1678128, -1.6948776
9872, -0.0686035, -0.0437012, 0.9104004, -2.1953198, 4.1665091, -1.6944730
9808, -0.0739746, -0.0424805, 0.9116211, -2.2005856, 4.1703004, -1.6950302
9800, -0.0690918, -0.0429687, 0.9165040, -2.2058432, 4.1696448, -1.6959547
9812, -0.0734863, -0.0441895, 0.9062500, -2.2144005, 4.1747446, -1.6984355
9804, -0.0788574, -0.0373535, 0.9113770, -2.2137470, 4.1886663, -1.7001241
9820, -0.0646973, -0.0319824, 0.9091797, -2.2077112, 4.1828017, -1.6986203
12372, -0.0778809, -0.0446777, 0.9108887, -2.2137935, 4.1942205, -1.6969815
9844, -0.0676270, -0.0432129, 0.9140625, -2.2186622, 4.1898770, -1.6960272
9816, -0.0700684, -0.0417480, 0.9052735, -2.2227499, 4.1906280, -1.6943571
9796, -0.0688477, -0.0314941, 0.9108887, -2.2153346, 4.1905870, -1.6938151
9836, -0.0747070, -0.0290527, 0.9038086, -2.2063288, 4.1985745, -1.6936708
9792, -0.0739746, -0.0283203, 0.8972168, -2.1970365, 4.2075471, -1.6940906
12348, -0.0661621, -0.0429687, 0.9079590, -2.2052838, 4.2036786, -1.6944985
9844, -0.0744629, -0.0363770, 0.9094239, -2.2032043, 4.2095708, -1.6945061
9808, -0.0690918, -0.0336914, 0.9096680, -2.2000074, 4.2114772, -1.6932931
9796, -0.0744629, -0.0390625, 0.9111329, -2.2014818, 4.2178764, -1.6931633
9832, -0.0749512, -0.0346680, 0.9074707, -2.1992893, 4.2229270, -1.6943482
9808, -0.0693359, -0.0368652, 0.8981934, -2.1994304, 4.2238912, -1.6955924
9824, -0.0695801, -0.0278320, 0.9016114, -2.1894102, 4.2272095, -1.6951427
12368, -0.0720215, -0.0402832, 0.9028321, -2.1926970, 4.2309927, -1.6955192
9848, -0.0690918, -0.0378418, 0.9091797, -2.1960453, 4.2297463, -1.6965360
9808, -0.0732422, -0.0278320, 0.9030762, -2.1863453, 4.2355971, -1.6966810
9820, -0.0729980, -0.0314941, 0.8994141, -2.1796600, 4.2380919, -1.6973000
9796, -0.0625000, -0.0310059, 0.8977051, -2.1725997, 4.2310729, -1.6996435
9812, -0.0688477, -0.0356445, 0.9025879, -2.1705183, 4.2306137, -1.6982778
9824, -0.0651855, -0.0373535, 0.9008790, -2.1729748, 4.2265591, -1.6969435
12392, -0.0700684, -0.0332031, 0.9094239, -2.1716859, 4.2273216, -1.6978696
9856, -0.0727539, -0.0268555, 0.9101563, -2.1604433, 4.2321777, -1.6976023
9824, -0.0661621, -0.0266113, 0.9011231, -2.1477956, 4.2314381, -1.6966947
9848, -0.0698242, -0.0261230, 0.9011231, -2.1363520, 4.2355570, -1.6957870
9812, -0.0612793, -0.0371094, 0.9050293, -2.1386346, 4.2284398, -1.6957946
17408, -0.0695801, -0.0324707, 0.9108887, -2.1321721, 4.2242975, -1.6929540
14672, -0.0708008, -0.0266113, 0.9135743, -2.1224310, 4.2229137, -1.6954856
9916, -0.0698242, -0.0329590, 0.8989258, -2.1187663, 4.2271871, -1.6957681
9856, -0.0646973, -0.0302734, 0.8996582, -2.1107971, 4.2226138, -1.6945551
9868, -0.0588379, -0.0319824, 0.8996582, -2.1063463, 4.2123894, -1.6951123
9864, -0.0654297, -0.0388184, 0.9025879, -2.1092593, 4.2079048, -1.6968009
9800, -0.0595703, -0.0397949, 0.8989258, -2.1141154, 4.1965932, -1.6968093
9824, -0.0705566, -0.0341797, 0.9047852, -2.1108438, 4.1982717, -1.6972291
12380, -0.0656738, -0.0329590, 0.8945313, -2.1084132, 4.1970181, -1.6965064
9860, -0.0625000, -0.0319824, 0.8996582, -2.1049153, 4.1920604, -1.6978591
9808, -0.0720215, -0.0393066, 0.9108887, -2.1099116, 4.1944394, -1.6978668
9820, -0.0659180, -0.0390625, 0.8955079, -2.1135199, 4.1911754, -1.6965003
9816, -0.0664063, -0.0351562, 0.9047852, -2.1129529, 4.1885504, -1.6975773
9828, -0.0644531, -0.0373535, 0.9086915, -2.1140658, 4.1825275, -1.6973100
9824, -0.0666504, -0.0336914, 0.9094239, -2.1129038, 4.1807951, -1.6973194
19524, -0.0649414, -0.0336914, 0.9101563, -2.1092591, 4.1751909, -1.6970453
9896, -0.0751953, -0.0314941, 0.9187012, -2.1052594, 4.1810617, -1.6962903
9848, -0.0678711, -0.0280762, 0.9157715, -2.0948967, 4.1797761, -1.6967568
9848, -0.0661621, -0.0346680, 0.9113770, -2.0932631, 4.1749196, -1.6943224
9860, -0.0698242, -0.0415039, 0.9101563, -2.0976929, 4.1748771, -1.6954293
9832, -0.0761719, -0.0424805, 0.9086915, -2.1057560, 4.1819424, -1.6952995
9840, -0.0700684, -0.0458984, 0.9082032, -2.1163134, 4.1827206, -1.6949728
64452, -0.0651855, -0.0322266, 0.9140625, -2.1151390, 4.1726179, -1.6911183
9876, -0.0698242, -0.0256348, 0.9177247, -2.1014449, 4.1737618, -1.6907137
9836, -0.0712891, -0.0341797, 0.9084473, -2.0998058, 4.1763749, -1.6922345
9828, -0.0717773, -0.0366211, 0.9179688, -2.0997331, 4.1779751, -1.6912802
9836, -0.0703125, -0.0375977, 0.9145508, -2.1004676, 4.1784133, -1.6919748
9820, -0.0683594, -0.0441895, 0.9121094, -2.1094121, 4.1771445, -1.6910672
12324, -0.0686035, -0.0314941, 0.9140625, -2.1017217, 4.1763057, -1.6918720
9860, -0.0737305, -0.0351562, 0.9201661, -2.1004202, 4.1797666, -1.6920169
9812, -0.0749512, -0.0380859, 0.9138184, -2.1018717, 4.1847925, -1.6909566
9808, -0.0739746, -0.0349121, 0.9150391, -2.1004846, 4.1884694, -1.6926131
9828, -0.0729980, -0.0371094, 0.9082032, -2.1026830, 4.1937551, -1.6930328
9800, -0.0739746, -0.0424805, 0.9130860, -2.1118266, 4.1975097, -1.6933779
9804, -0.0690918, -0.0390625, 0.9040528, -2.1156446, 4.1987729, -1.6932481
12336, -0.0747070, -0.0280762, 0.9135743, -2.1063454, 4.2065086, -1.6921590
9840, -0.0681152, -0.0354004, 0.9057618, -2.1047482, 4.2049446, -1.6915568
9820, -0.0747070, -0.0412598, 0.9101563, -2.1114711, 4.2092204, -1.6897331
9808, -0.0673828, -0.0437012, 0.9089356, -2.1197738, 4.2056193, -1.6893285
9824, -0.0671387, -0.0434570, 0.9099122, -2.1288521, 4.2016992, -1.6893370
9824, -0.0656738, -0.0454102, 0.9089356, -2.1403832, 4.1975431, -1.6892071
9820, -0.0676270, -0.0361328, 0.9111329, -2.1397953, 4.1946873, -1.6887125
12332, -0.0700684, -0.0502930, 0.9108887, -2.1534733, 4.1942720, -1.6872570
9840, -0.0761719, -0.0480957, 0.9182129, -2.1635782, 4.2000598, -1.6858905
9800, -0.0661621, -0.0490723, 0.9057618, -2.1780619, 4.1945948, -1.6856232
9824, -0.0688477, -0.0437012, 0.9091797, -2.1849467, 4.1931085, -1.6842889
9816, -0.0673828, -0.0378418, 0.9099122, -2.1875634, 4.1897068, -1.6833347
9828, -0.0649414, -0.0429687, 0.9089356, -2.1960754, 4.1826982, -1.6842591
9812, -0.0717773, -0.0402832, 0.9138184, -2.1993148, 4.1852922, -1.6861903
12304, -0.0769043, -0.0402832, 0.9108887, -2.1996238, 4.1958842, -1.6854074
69220, -0.0651855, -0.0346680, 0.9040528, -2.1920661, 4.2074203, -1.6844120
12096, -0.0695801, -0.0434570, 0.9108887, -2.2014248, 4.2064037, -1.6833229
9904, -0.0683594, -0.0351562, 0.9033204, -2.1989293, 4.2052245, -1.6836366
9852, -0.0722656, -0.0346680, 0.9072266, -2.1971898, 4.2073197, -1.6854305
9844, -0.0771484, -0.0295410, 0.9067383, -2.1868348, 4.2161116, -1.6875762
61544, -0.0644531, -0.0339355, 0.9003907, -2.2025015, 4.2009787, -1.6847887
9840, -0.0742188, -0.0307617, 0.9067383, -2.1933786, 4.2079606, -1.6863076
9808, -0.0668945, -0.0319824, 0.9062500, -2.1885955, 4.2052917, -1.6844840
9804, -0.0695801, -0.0339355, 0.9016114, -2.1835925, 4.2063307, -1.6857137
9820, -0.0615234, -0.0366211, 0.9064942, -2.1849489, 4.1973237, -1.6868206
9828, -0.0686035, -0.0385742, 0.9018555, -2.1875324, 4.1977291, -1.6856542
9820, -0.0605469, -0.0336914, 0.9108887, -2.1838598, 4.1877331, -1.6868984
12328, -0.0625000, -0.0317383, 0.9003907, -2.1775104, 4.1824049, -1.6878246
9844, -0.0659180, -0.0366211, 0.8996582, -2.1782393, 4.1801252, -1.6870696
9816, -0.0646973, -0.0356445, 0.9084473, -2.1757409, 4.1771512, -1.6867430
9820, -0.0676270, -0.0378418, 0.9018555, -2.1755325, 4.1778874, -1.6866131
9828, -0.0676270, -0.0341797, 0.9033204, -2.1713876, 4.1754274, -1.6873849
9828, -0.0664063, -0.0346680, 0.9025879, -2.1692914, 4.1722340, -1.6893161
9816, -0.0622559, -0.0334473, 0.9001465, -2.1664729, 4.1674785, -1.6901650
19600, -0.0715332, -0.0351562, 0.9130860, -2.1647827, 4.1691331, -1.6893107
9892, -0.0729980, -0.0336914, 0.9160157, -2.1611976, 4.1747798, -1.6882505
9840, -0.0703125, -0.0332031, 0.9162598, -2.1557183, 4.1763653, -1.6850528
9860, -0.0712891, -0.0351562, 0.9125977, -2.1510796, 4.1781978, -1.6853666
9860, -0.0725098, -0.0346680, 0.9152832, -2.1476018, 4.1824569, -1.6847643
9844, -0.0710449, -0.0415039, 0.9150391, -2.1529343, 4.1812720, -1.6829856
12352, -0.0629883, -0.0324707, 0.9116211, -2.1466016, 4.1738910, -1.6829966
9872, -0.0681152, -0.0307617, 0.9111329, -2.1398956, 4.1732144, -1.6820889
9840, -0.0708008, -0.0388184, 0.9135743, -2.1423449, 4.1751184, -1.6830583
9820, -0.0727539, -0.0351562, 0.9101563, -2.1394715, 4.1802420, -1.6844400
9812, -0.0651855, -0.0390625, 0.9167481, -2.1426339, 4.1727976, -1.6856698
9828, -0.0747070, -0.0412598, 0.9040528, -2.1480000, 4.1779947, -1.6868995
9776, -0.0720215, -0.0417480, 0.9033204, -2.1544492, 4.1810712, -1.6873660
12320, -0.0644531, -0.0390625, 0.9104004, -2.1517958, 4.1586928, -1.6849944
9852, -0.0942383, -0.0725098, 0.9072266, -2.1736216, 4.1637921, -1.6828035
9824, -0.1420898, -0.1140137, 0.8833008, -2.1800804, 4.1419191, -1.6713615
9832, -0.1291504, -0.0913086, 0.8967286, -2.0954086, 4.0195803, -1.6550340
9812, -0.0905762, -0.0446777, 0.8664551, -1.9437007, 3.8353298, -1.6374537
9824, -0.0566406, -0.0656738, 0.9072266, -1.7707162, 3.5476453, -1.6118133
9824, 0.0368652, 0.0334473, 0.9409180, -1.5431499, 3.2606239, -1.5947225
12268, -0.0688477, -0.0375977, 0.8942872, -1.5896839, 3.3252611, -1.5715561
9872, -0.0856934, -0.0625000, 0.9223633, -1.6259660, 3.3472383, -1.5652431
9804, 0.3327637, 0.1743164, 1.1506347, -1.4346574, 3.0099232, -1.5637248
9772, -0.1372070, -0.0859375, 0.9484864, -1.4648516, 3.0913381, -1.5585424
9812, -0.1032715, -0.0498047, 0.9104004, -1.4880123, 3.1459264, -1.5564135
9812, -0.1008301, -0.0632324, 0.9064942, -1.5323262, 3.2118985, -1.5814287
9824, -0.1057129, 0.0349121, 0.9157715, -1.4566361, 3.2723927, -1.6701394
12320, 0.0986328, 0.0249023, 0.9272461, -1.3984493, 3.0848701, -1.7013106
9792, -0.0664063, -0.0549316, 0.9033204, -1.4524705, 3.1155498, -1.7013191
9808, 0.0056152, 0.0244141, 0.9284668, -1.4295122, 3.0852005, -1.6937694
9744, -0.0749512, -0.0605469, 0.9086915, -1.5081158, 3.1438784, -1.6582054
66608, -0.0556641, -0.0317383, 0.9123536, -1.5141148, 3.1389691, -1.6664448
12148, -0.0573730, -0.0212402, 0.9079590, -1.5116647, 3.1455087, -1.6664550
12436, -0.0549316, -0.0222168, 0.9020997, -1.5205255, 3.1494538, -1.6677475
9884, -0.0539551, -0.0292969, 0.9001465, -1.5395953, 3.1534364, -1.6685194
9852, -0.0324707, -0.0239258, 0.9042969, -1.5490777, 3.1364977, -1.6703598
9852, 0.0048828, 0.0268555, 0.9211426, -1.5214707, 3.1078896, -1.6738797
9740, -0.0371094, -0.0141602, 0.9064942, -1.5643351, 3.1596963, -1.6819941
9832, -0.0407715, -0.0200195, 0.9167481, -1.6293540, 3.2384290, -1.6927515
9820, -0.0710449, -0.0456543, 0.9089356, -1.7080970, 3.3303587, -1.7011407
12336, -0.0690918, -0.0507812, 0.8916016, -1.7930903, 3.4218573, -1.7092119
9836, -0.0776367, -0.0581055, 0.8972168, -1.8551646, 3.4854679, -1.7148692
9812, -0.0756836, -0.0461426, 0.8979493, -1.8847982, 3.5235178, -1.7177623
9824, -0.0769043, -0.0407715, 0.9013672, -1.9021057, 3.5497460, -1.7188394
9792, -0.0646973, -0.0319824, 0.9013672, -1.8986359, 3.5512495, -1.7185424
9836, -0.0634766, -0.0415039, 0.9064942, -1.9039573, 3.5430374, -1.7178629
9800, -0.0488281, -0.0351562, 0.9113770, -1.8987793, 3.5121624, -1.7143598
12388, -0.0590820, -0.0297852, 0.9040528, -1.8932362, 3.5004165, -1.7111952
9840, -0.0524902, -0.0297852, 0.9082032, -1.8860414, 3.4828729, -1.7102875
9796, -0.0825195, -0.0512695, 0.8981934, -1.8990973, 3.4944491, -1.7093333
9820, -0.0556641, -0.0314941, 0.9072266, -1.8805694, 3.4645280, -1.7085783
9804, -0.0576172, -0.0349121, 0.9060059, -1.8625535, 3.4338264, -1.7062966
9800, -0.0466309, -0.0300293, 0.9111329, -1.8397650, 3.3894877, -1.7024883
9820, -0.0522461, -0.0302734, 0.9116211, -1.8227375, 3.3621029, -1.7001600
19664, -0.0534668, -0.0261230, 0.9096680, -1.7837235, 3.3092443, -1.6879631
9872, -0.0559082, -0.0263672, 0.9138184, -1.7709321, 3.2912604, -1.6853599
9836, -0.0515137, -0.0322266, 0.9172364, -1.7585990, 3.2654788, -1.6841469
9856, -0.0495605, -0.0219727, 0.9128418, -1.7354620, 3.2420887, -1.6823233
9852, -0.0502930, -0.0288086, 0.9106446, -1.7250791, 3.2267527, -1.6808195
9800, -0.0632324, -0.0314941, 0.9025879, -1.7174980, 3.2251076, -1.6794852
12384, -0.0642090, -0.0244141, 0.9113770, -1.6912803, 3.2122685, -1.6767472
9864, -0.0410156, -0.0246582, 0.9187012, -1.6743144, 3.1806464, -1.6762051
9820, -0.0791016, -0.0236816, 0.9169922, -1.6707069, 3.2101387, -1.6749761
9824, -0.0664063, -0.0405273, 0.9169922, -1.6829451, 3.2222373, -1.6743136
9832, -0.0549316, -0.0358887, 0.9025879, -1.6912205, 3.2208182, -1.6740464
9804, -0.0527344, -0.0285645, 0.9057618, -1.6917762, 3.2188415, -1.6754288
9820, -0.0556641, -0.0351562, 0.9123536, -1.6998906, 3.2197556, -1.6761235
12380, -0.0600586, -0.0261230, 0.9174805, -1.6957194, 3.2254159, -1.6777824
9860, -0.0578613, -0.0249023, 0.9125977, -1.6919583, 3.2303988, -1.6768281
9820, -0.0537109, -0.0322266, 0.9077149, -1.7000474, 3.2296304, -1.6763784
9796, -0.0502930, -0.0358887, 0.9099122, -1.7082649, 3.2238285, -1.6769356
9804, -0.0520020, -0.0300293, 0.9057618, -1.7087997, 3.2205798, -1.6796319
9784, -0.0449219, -0.0283203, 0.9104004, -1.7081272, 3.2082040, -1.6804638
9792, -0.0517578, -0.0239258, 0.9194336, -1.7015976, 3.2031459, -1.6818455
12400, -0.0559082, -0.0280762, 0.9155274, -1.7004253, 3.2032194, -1.6822219
9848, -0.0566406, -0.0393066, 0.9113770, -1.7120341, 3.2043030, -1.6834068
9788, -0.0488281, -0.0344238, 0.8930665, -1.7185249, 3.1993448, -1.6846509
9820, -0.0483398, -0.0288086, 0.9074707, -1.7214664, 3.1939461, -1.6858807
9800, -0.0415039, -0.0246582, 0.9125977, -1.7191515, 3.1823272, -1.6869876
9836, -0.0512695, -0.0300293, 0.9052735, -1.7217555, 3.1823084, -1.6871325
12380, -0.0605469, -0.0341797, 0.9025879, -1.7311997, 3.1950569, -1.6877388
17408, -0.0468750, -0.0275879, 0.9104004, -1.7292366, 3.1915550, -1.6911273
12128, -0.0527344, -0.0297852, 0.9145508, -1.7316514, 3.1915600, -1.6896717
9928, -0.0515137, -0.0224609, 0.9121094, -1.7243173, 3.1915695, -1.6893451
9852, -0.0449219, -0.0310059, 0.8972168, -1.7296311, 3.1836245, -1.6892152
9876, -0.0493164, -0.0336914, 0.8991700, -1.7364150, 3.1775586, -1.6915137
9860, -0.0463867, -0.0236816, 0.9091797, -1.7286746, 3.1674263, -1.6919802
12364, -0.0559082, -0.0314941, 0.9060059, -1.7295849, 3.1706821, -1.6937774
9836, -0.0495605, -0.0302734, 0.9108887, -1.7315864, 3.1687009, -1.6961208
9800, -0.0476074, -0.0219727, 0.9216309, -1.7189792, 3.1640660, -1.6968926
9824, -0.0541992, -0.0231934, 0.9033204, -1.7122980, 3.1670024, -1.6970376
9824, -0.0498047, -0.0263672, 0.8989258, -1.7098324, 3.1665556, -1.6997940
9812, -0.0478516, -0.0302734, 0.9050293, -1.7092778, 3.1626243, -1.7019398
9820, -0.0495605, -0.0263672, 0.8994141, -1.7060624, 3.1614000, -1.7030467
12360, -0.0454102, -0.0292969, 0.9191895, -1.7088183, 3.1559562, -1.7080032
9840, -0.0546875, -0.0263672, 0.8933106, -1.7067703, 3.1621329, -1.7117072
9820, -0.0439453, -0.0246582, 0.9030762, -1.7017389, 3.1525249, -1.7143255
9832, -0.0446777, -0.0288086, 0.9025879, -1.7004708, 3.1455454, -1.7176308
9792, -0.0529785, -0.0305176, 0.9069825, -1.7002759, 3.1482951, -1.7214560
9804, -0.0517578, -0.0258789, 0.9062500, -1.6939332, 3.1476142, -1.7240743
9812, -0.0529785, -0.0244141, 0.9018555, -1.6828646, 3.1467590, -1.7282820
12360, -0.0473633, -0.0249023, 0.9038086, -1.6762581, 3.1430227, -1.7343380
9852, -0.0505371, -0.0295410, 0.9060059, -1.6742878, 3.1411285, -1.7405288
9792, -0.0473633, -0.0207520, 0.9042969, -1.6625014, 3.1353790, -1.7453455
9816, -0.0463867, -0.0241699, 0.9116211, -1.6528247, 3.1286878, -1.7510647
9828, -0.0456543, -0.0307617, 0.9008790, -1.6541160, 3.1200027, -1.7562937
9804, -0.0510254, -0.0292969, 0.9091797, -1.6532341, 3.1166296, -1.7607296
19700, -0.0539551, -0.0295410, 0.9130860, -1.6448721, 3.1193697, -1.7754030
9872, -0.0495605, -0.0356445, 0.9104004, -1.6480121, 3.1138925, -1.7838083
9832, -0.0493164, -0.0275879, 0.9145508, -1.6428064, 3.1105339, -1.7954952
9844, -0.0529785, -0.0256348, 0.9108887, -1.6307852, 3.1139018, -1.8164196
9844, -0.0556641, -0.0227051, 0.9064942, -1.6173670, 3.1169726, -1.8457411
9856, -0.0634766, -0.0341797, 0.9118653, -1.6144697, 3.1290497, -1.8814739
9864, -0.0605469, -0.0393066, 0.9187012, -1.6135807, 3.1312406, -1.9347647
12380, -0.0073242, 0.0158691, 0.9226075, -1.5212886, 3.0674159, -2.0782251
9832, -0.0478516, 0.1745605, 0.9060059, -1.1966125, 3.0374052, -2.5066304
9772, -0.0898438, -0.0825195, 0.9016114, -1.2346580, 3.0705463, -2.6272792
9812, -0.4003906, -0.2351074, 0.8386231, -1.3671898, 3.4303364, -3.1195015
9828, 0.3010254, -0.0568848, 1.0708007, -1.2708051, 3.0950591, -3.9263488
9764, 0.0578613, -0.0932617, 0.9047852, -1.3443315, 2.9782449, -4.3182659
9788, -0.1020508, -0.0537109, 0.9682618, -1.3372886, 3.0139532, -4.6892666
12372, -0.0756836, -0.2092285, 0.9150391, -1.5198853, 3.0512576, -4.9479637
9868, -0.1079102, -0.2814941, 0.9521485, -1.7585798, 3.0973224, -5.1896514
9836, -0.3305664, -0.0732422, 0.8742676, -1.7284388, 3.4181628, -5.5963773
9828, -0.2299805, 0.2985840, 0.6604004, -1.2766582, 3.6586418, -6.1817293
9780, -0.1145020, 0.0463867, 0.6088867, -1.0828279, 3.8020329, -6.6197528
9764, 0.2175293, 0.4133301, 0.8261719, -0.6735953, 3.5386977, -6.8121266
9772, 0.5798340, 0.0783691, 1.1000976, -0.5830064, 2.9760520, -7.3533563
12260, -0.3967285, -0.0075684, 1.1638183, -0.5583495, 3.2301511, -8.0684661
9860, -0.2436523, -0.3054199, 0.9028321, -0.7924147, 3.3698060, -8.2792520
9828, -0.0742188, -0.0373535, 0.9353028, -0.7425832, 3.3858659, -8.6809396
17376, 0.1003418, 0.0576172, 0.9357911, -0.5925025, 3.2662558, -9.3617324
12044, 0.0385742, 0.0112305, 0.9538575, -0.5668313, 3.1651711, -9.5445375
9872, 0.0480957, 0.0939941, 1.0112304, -0.3889909, 2.9909669, -9.7547740
12288, 0.1530762, -0.0698242, 0.8356934, -0.3845453, 2.7012748, -10.1512422
9888, -0.1770020, -0.1328125, 0.8745118, -0.4582229, 2.9082055, -10.6589307
9908, -0.1562500, 0.1933594, 1.1171875, -0.2836536, 3.0318803, -11.0551223
9832, -0.1000977, -0.2756348, 0.8129883, -0.5686345, 3.1550202, -11.4486570
9848, 0.0170898, 0.0944824, 0.8876954, -0.4596673, 3.0955488, -11.5805740
9776, -0.1318359, -0.1157227, 0.8664551, -0.5137221, 3.1559045, -11.8449478
9884, -0.0900879, 0.0703125, 0.8955079, -0.3725530, 3.2004876, -12.3284673
12336, -0.1193848, -0.0163574, 0.9055176, -0.3445376, 3.3570399, -12.9420347
9920, -0.2358398, 0.2714844, 1.1979980, -0.0728858, 3.4389650, -13.3936462
9836, 0.4160156, 0.1228027, 1.0427246, 0.0715916, 2.9277021, -13.4727993
9760, -0.2692871, -0.1264648, 0.8557129, 0.0451776, 3.0657489, -13.5096015
9824, -0.2961426, -0.3491211, 0.7897949, -0.2416413, 3.3435955, -13.9743432
9888, -0.0649414, -0.1401367, 0.9025879, -0.3578201, 3.4117603, -14.5507631
9844, 0.0380859, -0.1242676, 0.7800293, -0.4036487, 3.3205032, -15.2736721
12376, -0.1882324, 0.2358398, 1.1235351, -0.0156294, 3.3256986, -15.9312248
9900, -0.0129395, 0.1025391, 1.0068359, 0.0680091, 3.3035964, -16.5161190
9780, 0.0412598, -0.0434570, 0.8684082, 0.1037014, 3.2339851, -17.1110877
9772, -0.5739746, 0.0075684, 0.8613282, 0.1541102, 3.8416309, -17.6888065
9768, -0.1845703, -0.1330566, 0.8217774, 0.0535650, 4.1370406, -18.3520202
9824, 0.0466309, 0.1008301, 0.9787598, 0.2247205, 4.0364804, -18.7972202
9720, -0.0029297, 0.0832520, 0.7343750, 0.5519158, 3.8201515, -19.4044189
12316, -0.1552734, 0.0485840, 0.9360352, 0.7545945, 3.8598742, -20.1022605
9820, -0.3500977, -0.1154785, 0.9089356, 0.7170472, 4.1721358, -20.6937503
9812, -0.3994141, -0.2121582, 0.7441406, 0.5188110, 4.5402498, -21.0187206
9828, 0.3593750, 0.3222656, 0.9499512, 0.8366094, 4.1566572, -21.5287742
9760, 0.3901367, -0.0632324, 0.9494629, 0.7099287, 3.7704186, -22.1063404
9784, -0.4375000, -0.3688965, 0.7961426, 0.4108904, 4.2183561, -22.6431884
19700, -0.5544434, -0.0769043, 1.0151367, 0.2667927, 4.9187626, -23.9479389
9892, 0.0202637, -0.1794434, 0.6726074, 0.0067989, 4.9665112, -24.5233974
9816, 0.1242676, 0.0510254, 0.9711915, 0.0881870, 4.7546653, -25.0264587
9760, -0.2290039, -0.1855469, 0.8505860, -0.1082593, 4.9585819, -25.6269245
9884, -0.1975098, 0.0883789, 1.0131835, -0.0333058, 5.1314630, -26.2403678
9836, 0.0024414, 0.3103027, 1.0300292, 0.3859955, 5.0124068, -26.7920551
9756, 1.1169433, -0.8171387, 0.8835450, -0.0711590, 4.3330383, -27.0911922
12404, -0.0708008, 0.7734375, 1.1567382, 0.6475568, 4.1719832, -27.8783473
9832, -0.5920410, 0.7268066, 1.0761718, 1.3836407, 4.2897047, -28.6607990
9764, 0.4143066, 0.0695801, 1.0166015, 1.4310894, 3.8577761, -29.4055385
9748, -0.0136719, 0.0534668, 0.8225098, 1.5563426, 3.7836182, -29.9336395
9796, -0.2453613, 0.2419434, 0.9790040, 1.9699715, 3.8492471, -30.5774650
9804, 0.1813965, -0.3881836, 1.2683105, 1.6619462, 3.7042062, -31.2263278
9820, -0.0957031, -0.1789551, 0.9060059, 1.4412613, 3.7854104, -31.5816631
12380, -0.1513672, -0.1943359, 0.7412109, 1.2264548, 4.0165905, -32.2694282
9892, -0.2360840, 0.0244141, 0.8229981, 1.3054132, 4.2029714, -32.6838493
9808, 0.0661621, 0.1186523, 0.7854004, 1.5298499, 3.9860723, -33.3119506
9756, 0.1354980, 0.2023926, 1.0053710, 1.7266237, 3.7728741, -33.8034553
9756, -0.1958008, -0.2429199, 0.8295899, 1.5541136, 3.9603729, -34.4242286
9844, -0.1418457, 0.4348145, 1.2104492, 1.9423257, 3.8810813, -35.0082054
17356, 0.0014648, -0.2553711, 0.7014160, 1.7835142, 3.8705089, -36.4554252
14660, -0.1518555, -0.1669922, 1.3525390, 1.8189805, 3.8403146, -37.8154678
9944, -0.6633301, 1.4138183, 0.5754395, 2.7138633, 4.0318136, -38.4285736
9844, 0.4938965, 0.2724609, 1.3520507, 2.8907079, 3.4786815, -38.9291915
9784, 0.1230469, 0.0927734, 1.2202148, 2.8992533, 3.3408579, -39.5372924
9792, 0.3059082, 0.4086914, 1.0383300, 3.1528782, 3.0952935, -39.9703979
9760, 0.2685547, -0.8352051, 0.9711915, 2.5567011, 2.9330148, -40.4639930
9792, 0.2465820, 0.6093750, 0.8137207, 3.1391201, 2.6927895, -40.8127021
12308, -0.5661621, -0.0563965, 0.6745605, 3.1760699, 3.4356896, -41.4125289
9868, 0.1599121, 0.0754395, 1.2089843, 3.1357467, 3.3305952, -41.9351310
9760, -0.2028809, -0.4389648, 0.7932129, 2.7481167, 3.4882166, -42.4891548
9848, 0.0849609, -0.4714355, 0.7043457, 2.2080481, 3.4853374, -43.3412246
9780, 0.2473145, -0.7009277, 0.6389160, 1.6544737, 3.2047472, -44.2948226
9796, -0.2592773, 0.6081543, 1.1347656, 2.1833131, 3.3318951, -45.1780662
12380, -0.2863770, 0.2934570, 1.0424804, 2.6272091, 3.4340760, -46.5585327
9836, 0.5205078, 0.4978027, 0.8200684, 2.9754161, 2.9852914, -47.3554115
9744, 0.5874023, -0.1437988, 1.4035644, 2.7572588, 2.5163671, -47.8175125
9808, -0.1350098, -0.3771973, 0.7014160, 2.3100111, 2.6753201, -48.1804046
9824, 0.0334473, 0.4177246, 0.8950196, 2.7420530, 2.5747449, -48.4043807
9740, 0.2392578, 0.3503418, 0.9772950, 2.9660194, 2.3282933, -48.6915626
9776, -0.0742188, -0.0505371, 0.8845215, 2.8534929, 2.4087834, -48.7686576
12400, -0.0617676, 0.1374512, 0.9938965, 2.9376797, 2.4375631, -48.9848518
9836, -0.1013184, 0.0551758, 0.8820801, 3.0408320, 2.4862866, -49.4297752
9780, -0.0029297, -0.0673828, 1.0058593, 2.8949678, 2.4892883, -49.7319221
9824, -0.0371094, 0.6440430, 0.7653809, 3.8977279, 2.3910436, -50.2890281
9772, 0.3916016, -0.8652344, 0.9282227, 3.3541672, 2.1743741, -50.7924842
9816, -0.0261230, -0.0488281, 0.9953614, 3.2053272, 2.2031631, -51.3492851
9848, 0.5446777, -0.7106934, 1.0029296, 2.7117896, 1.8506765, -51.4017829
12336, -0.1220703, -0.0620117, 0.9362793, 2.6084589, 1.9786709, -51.5224647
9844, 0.0085449, 0.0495605, 0.9235840, 2.6190142, 1.9505070, -51.6354484
9736, -0.3190918, 0.2314453, 0.8471680, 2.8660470, 2.2569212, -51.9517631
9808, -0.6467285, 0.5800781, 0.6472168, 3.4252941, 2.7319109, -52.7116165
9792, -0.0632324, -0.0925293, 0.7148437, 3.4144339, 2.8070774, -53.4104194
9820, 0.2321777, 0.5302734, 1.0227050, 3.8016524, 2.5875418, -53.7882881
9752, 0.0566406, -0.2207031, 0.8881836, 3.5319902, 2.5182313, -54.1249389
19684, -0.4379883, 0.4191895, 0.8525391, 3.9930612, 2.7147638, -54.7967720
9868, 0.2468262, -0.4853516, 0.9145508, 3.5610349, 2.4956190, -55.2896804
9820, -0.2736816, 0.4665527, 0.9033204, 3.8772155, 2.6720070, -55.3054885
9816, -0.0295410, 0.0285645, 0.9904786, 3.8385446, 2.6579864, -55.3180160
9808, -0.0915527, -0.0175781, 0.9162598, 3.7449388, 2.7228066, -55.3397331
9872, -0.1345215, -0.0236816, 0.9248047, 3.6415293, 2.8471603, -55.4057426
9876, -0.3273926, -0.2338867, 0.8083497, 3.3997666, 3.1648035, -55.7075843
12396, -0.2453613, 0.0136719, 0.8361817, 3.3908534, 3.4459407, -55.9019775
9844, 0.2946777, -0.4638672, 1.1093750, 3.1287245, 3.2241604, -56.4749603
9796, 0.4572754, -0.0219727, 0.8430176, 3.0187094, 2.6964740, -56.5460090
9788, -0.1726074, 0.0476074, 0.9301758, 3.0408177, 2.8276214, -56.6716041
9772, -0.2343750, -0.0424805, 0.7873535, 3.0129625, 3.0825293, -57.1695671
9836, -0.2199707, 0.1176758, 0.9587403, 3.0554151, 3.3053610, -57.6054534
12344, 0.0449219, 0.1323242, 0.8747559, 3.1277925, 3.2324237, -57.5961380
9816, -0.0092773, 0.0290527, 0.9838868, 3.1017637, 3.1763186, -57.6127700
17348, -0.0749512, -0.0312500, 0.9128418, 3.0076577, 3.2146415, -57.6340675
12132, -0.0815430, -0.0148926, 0.9211426, 2.9296588, 3.2695851, -57.6619262
9944, -0.1315918, 0.0173340, 0.9003907, 2.9094676, 3.3924922, -57.7450637
9808, -0.0349121, -0.0725098, 1.0361328, 2.8207316, 3.3108270, -58.2188415
9884, 0.3637695, -0.6303711, 0.9147950, 2.2574362, 3.0002322, -58.5393066
12356, 0.0700684, 0.0715332, 0.9157715, 2.3982388, 2.9032972, -58.7586135
9776, -0.0815430, -0.0642090, 0.9206543, 2.3375878, 2.9361906, -59.1521034
9808, 0.0175781, 0.0100098, 0.8708497, 2.3114748, 2.8945288, -59.2957000
9744, 0.0842285, -0.0693359, 0.8891602, 2.2031171, 2.7793641, -59.2940292
9780, -0.0734863, 0.0131836, 0.9208985, 2.1791472, 2.8057322, -59.3018684
9788, -0.1105957, -0.0290527, 0.9008790, 2.1046984, 2.8924231, -59.3258934
9808, -0.0778809, -0.0136719, 0.9057618, 2.0455191, 2.9492513, -59.3606643
12388, -0.3859863, 0.2534180, 0.8576661, 2.3262350, 3.2578775, -59.9126739
9844, -0.3676758, 0.2094727, 0.8100586, 2.5443518, 3.6339781, -60.2941169
9808, -0.0693359, 0.1757812, 0.9719239, 2.7070603, 3.6741394, -60.7561264
9796, 0.4045410, -0.3256836, 0.9746094, 2.4429826, 3.3039708, -61.0259971
9784, 0.1123047, -0.1303711, 0.9350586, 2.2973086, 3.1137330, -61.2023429
9792, -0.0930176, -0.0429687, 0.9008790, 2.2223732, 3.1646332, -61.2966117
9824, -0.1296387, -0.0261230, 0.8894043, 2.2207076, 3.2426998, -61.6471099
12392, -0.0268555, -0.0881348, 0.9150391, 2.0809407, 3.2156083, -61.6833953
9852, -0.0820313, -0.0319824, 0.9162598, 2.0124065, 3.2499582, -61.6954650
9820, -0.0769043, -0.0119629, 0.9089356, 1.9596533, 3.2879073, -61.7055015
9812, -0.1208496, 0.0205078, 0.9084473, 1.9431980, 3.3894686, -61.7702445
9784, -0.0935059, 0.0017090, 0.9294434, 1.9184263, 3.4368915, -62.0311698
9788, -0.2875977, 0.0524902, 0.8540040, 1.9641880, 3.7273082, -62.2476654
9776, -0.0578613, -0.0451660, 0.9760743, 1.8792402, 3.7195713, -62.5065422
12380, -0.1591797, 0.0190430, 0.8791504, 1.9467654, 3.7832462, -62.8755302
9848, -0.3366699, 0.1315918, 0.8950196, 1.9976861, 4.0923328, -62.8930969
9792, -0.0346680, -0.0251465, 0.9350586, 1.9240428, 4.0619416, -62.9048614
9816, -0.0644531, -0.0017090, 0.9147950, 1.8887320, 4.0574545, -62.9117393
9796, -0.0979004, -0.0283203, 0.8955079, 1.8240425, 4.0898842, -62.9166336
9808, -0.1010742, -0.0151367, 0.9028321, 1.7746829, 4.1312856, -62.9276351
12392, -0.0900879, -0.0180664, 0.9121094, 1.7257865, 4.1561565, -62.9679489
9864, -0.0844727, -0.0168457, 0.9096680, 1.6763519, 4.1772894, -63.0082168
9832, -0.0986328, 0.0029297, 0.8994141, 1.6519329, 4.2229199, -63.0763168
9784, -0.2583008, 0.0954590, 0.8647461, 1.7704339, 4.4341306, -63.3183097
9780, -0.0288086, -0.0576172, 0.8835450, 1.7617105, 4.3470745, -63.6789283
9816, -0.1333008, -0.0930176, 0.8498536, 1.6234165, 4.4091572, -63.6981735
9828, -0.0837402, -0.0158691, 0.9123536, 1.5805567, 4.4167366, -63.7405014
19720, -0.0786133, -0.0214844, 0.9038086, 1.5497417, 4.4095187, -63.7429618
9888, -0.0883789, -0.0173340, 0.9030762, 1.5071519, 4.4252648, -63.7487716
9852, -0.0930176, -0.0161133, 0.9094239, 1.4656817, 4.4442844, -63.7532081
9868, -0.0864258, -0.0134277, 0.8991700, 1.4233686, 4.4625892, -63.7588500
9848, -0.0876465, -0.0139160, 0.8989258, 1.3771576, 4.4919972, -63.7675933
9864, -0.0935059, -0.0119629, 0.9040528, 1.3312131, 4.5275483, -63.7781829
9860, -0.1059570, -0.0190430, 0.9038086, 1.2781862, 4.5751967, -63.7972908
12424, -0.0971680, -0.0183105, 0.9018555, 1.2331289, 4.6041641, -63.8271636
9884, -0.1220703, -0.0349121, 0.8930665, 1.1750615, 4.6574339, -63.8668060
9828, -0.1413574, -0.0351562, 0.8591309, 1.1385641, 4.7282438, -63.9536514
9848, -0.1970215, -0.0925293, 0.8476563, 1.0671298, 4.8642611, -64.0791091
17396, -0.4311523, 0.2946777, 0.7900391, 1.5178577, 5.0937304, -64.6196746
12120, -0.1250000, -0.0878906, 0.9733887, 1.4467034, 5.1298875, -64.8834991
12456, -0.0395508, 0.0131836, 1.0244140, 1.4212656, 5.1004838, -65.0485763
9848, -0.2119141, 0.1311035, 0.9951172, 1.5749304, 5.1602091, -65.2398834
9856, -0.2731934, 0.3281250, 0.9230957, 1.9326942, 5.2220234, -65.3743972
9856, -0.3059082, -0.2270508, 0.7907715, 1.7322759, 5.4342694, -65.5625000
9796, -0.2019043, -0.0832520, 0.7976074, 1.6489940, 5.5997176, -65.7252578
9812, -0.1862793, 0.0190430, 0.8276368, 1.6553614, 5.7620754, -65.9460754
9804, 0.0285645, 0.1025391, 0.9833985, 1.7281553, 5.6264996, -66.1442489
12324, -0.1630859, -0.3046875, 0.7465820, 1.4481811, 5.6488075, -66.4201354
9860, -0.1274414, 0.0747070, 0.9650879, 1.5579669, 5.6374082, -66.6151199
9780, -0.0068359, 0.1328125, 0.9218750, 1.7201592, 5.4681267, -66.8195571
9804, -0.2167969, -0.0942383, 0.8713379, 1.6379830, 5.6038432, -67.0016250
9820, -0.0041504, -0.0913086, 0.9194336, 1.5133067, 5.5827274, -67.1964416
9824, 0.1550293, 0.0893555, 1.0297851, 1.5543961, 5.3476767, -67.2651519
9772, -0.1147461, 0.0432129, 0.9453125, 1.6037123, 5.3711943, -67.3878631
12364, -0.0466309, -0.1281738, 0.7666016, 1.4080147, 5.3851089, -67.5635681
9864, 0.0222168, 0.1013184, 0.9016114, 1.4965358, 5.3269939, -67.6781082
9768, -0.0224609, -0.0859375, 0.9067383, 1.3866975, 5.2535829, -67.8199157
9820, 0.0815430, 0.1735840, 1.1252441, 1.5071016, 5.0885810, -67.8883514
9752, -0.2851562, -0.1601562, 0.8425293, 1.3738549, 5.3301267, -68.0779800
9840, 0.1840820, 0.1958008, 0.7407227, 1.6525496, 4.9394030, -68.1625671
9756, -0.3342285, -0.2036133, 0.8632813, 1.4509502, 5.1873807, -68.3656311
12392, 0.0102539, 0.0905762, 0.8937989, 1.5324782, 5.1166734, -68.5360260
9800, 0.2336426, 0.1123047, 0.9902344, 1.6154914, 4.7526259, -68.6289215
9776, -0.1608887, -0.1191406, 0.8459473, 1.4787920, 4.8547224, -68.7820587
9824, 0.1584473, 0.1550293, 0.9521485, 1.6230199, 4.5429010, -68.8345870
9768, -0.2209473, -0.1379395, 0.8645020, 1.5013784, 4.6590981, -69.0041503
9824, -0.1130371, -0.0764160, 0.8417969, 1.4006931, 4.7174258, -69.1250762
9816, 0.0856934, 0.1428223, 0.9289551, 1.5324401, 4.5039796, -69.1428070
12300, 0.1499023, 0.1396484, 0.9956055, 1.6566348, 4.1931486, -69.1749725
9808, -0.1276855, -0.0283203, 0.9477540, 1.5751381, 4.2614107, -69.2537612
9848, -0.0688477, -0.0175781, 0.9179688, 1.5076582, 4.2900524, -69.3388214
9832, -0.0637207, -0.1284180, 0.8459473, 1.3641153, 4.2892518, -69.4326782
9844, -0.1394043, -0.1005859, 0.8535157, 1.2335510, 4.3408379, -69.4410858
9828, -0.0598145, -0.0166016, 0.9282227, 1.1929121, 4.3199396, -69.4574432
12404, -0.0849609, -0.0214844, 0.9055176, 1.1575584, 4.3322591, -69.4788894
9840, -0.0603027, -0.0085449, 0.9074707, 1.1313805, 4.3177270, -69.4859237
9812, -0.0739746, -0.0183105, 0.9135743, 1.0880669, 4.3207488, -69.4879455
9824, -0.0751953, -0.0161133, 0.9074707, 1.0431264, 4.3350343, -69.4982604
9820, -0.0876465, -0.0229492, 0.9094239, 0.9917631, 4.3632950, -69.5136871
9824, -0.0939941, -0.0239258, 0.9187012, 0.9412769, 4.3963150, -69.5332031
9828, -0.0925293, -0.0053711, 0.9113770, 0.9094728, 4.4342746, -69.5531997
19720, -0.1000977, -0.0048828, 0.9091797, 0.8844299, 4.4749870, -69.5648193
9856, -0.0900879, -0.0034180, 0.8977051, 0.8646305, 4.4994449, -69.5643692
9828, -0.0925293, -0.0102539, 0.8940430, 0.8377313, 4.5260782, -69.5634613
9860, -0.0927734, -0.0148926, 0.9018555, 0.8046811, 4.5490417, -69.5629196
9848, -0.0981445, -0.0207520, 0.9047852, 0.7671834, 4.5797967, -69.5624694
9852, -0.0988770, -0.0239258, 0.9006348, 0.7236597, 4.6139903, -69.5648117
9848, -0.0935059, -0.0224609, 0.9011231, 0.6823250, 4.6395020, -69.5652770
19936, -0.0903320, -0.0163574, 0.8981934, 0.6498361, 4.6629734, -69.5686492
12152, -0.0944824, -0.0202637, 0.9082032, 0.6116094, 4.6879830, -69.5698318
9920, -0.0869141, -0.0239258, 0.9008790, 0.5728826, 4.7051191, -69.5704498
9824, -0.0991211, -0.0209961, 0.8952637, 0.5341706, 4.7398514, -69.5726394
9868, -0.1057129, -0.0288086, 0.8969727, 0.4892788, 4.7791781, -69.5727844
9856, -0.0998535, -0.0256348, 0.8969727, 0.4497905, 4.8073611, -69.5727920
9844, -0.0979004, -0.0214844, 0.9003907, 0.4151127, 4.8296923, -69.5719757
12360, -0.0947266, -0.0141602, 0.9052735, 0.3935284, 4.8411393, -69.5694198
9884, -0.0886231, -0.0209961, 0.8903809, 0.3631587, 4.8500790, -69.5670928
9812, -0.0930176, -0.0251465, 0.8959961, 0.3298171, 4.8618946, -69.5648117
9848, -0.0930176, -0.0207520, 0.8979493, 0.3007616, 4.8779296, -69.5627593
9816, -0.0895996, -0.0227051, 0.9050293, 0.2679986, 4.8935813, -69.5632705
9816, -0.0925293, -0.0117188, 0.9047852, 0.2449183, 4.9180798, -69.5665740
12384, -0.0947266, -0.0224609, 0.9038086, 0.2100098, 4.9475440, -69.5704345
9836, -0.0927734, -0.0283203, 0.8972168, 0.1701282, 4.9679903, -69.5720901
9808, -0.0974121, -0.0283203, 0.8933106, 0.1342072, 4.9905362, -69.5707550
9808, -0.0954590, -0.0288086, 0.9023438, 0.1007894, 5.0067834, -69.5687026
9792, -0.0983887, -0.0190430, 0.9042969, 0.0802138, 5.0238819, -69.5680999
9796, -0.0915527, -0.0190430, 0.9108887, 0.0585125, 5.0356574, -69.5683822
9832, -0.0981445, -0.0148926, 0.9077149, 0.0394875, 5.0557818, -69.5672912
12372, -0.1015625, -0.0278320, 0.8950196, 0.0089195, 5.0764808, -69.5655136
9836, -0.0910645, -0.0192871, 0.8974610, -0.0137048, 5.0857901, -69.5641479
9848, -0.0954590, -0.0190430, 0.9052735, -0.0341036, 5.1009922, -69.5634689
9844, -0.0900879, -0.0187988, 0.9025879, -0.0539896, 5.1091108, -69.5629272
9840, -0.0979004, -0.0219727, 0.9094239, -0.0778369, 5.1278429, -69.5625991
9860, -0.0939941, -0.0107422, 0.9111329, -0.0903588, 5.1474447, -69.5630187
9864, -0.0947266, -0.0168457, 0.9050293, -0.1091460, 5.1668448, -69.5651626
12428, -0.0974121, -0.0234375, 0.8986817, -0.1342094, 5.1895918, -69.5659027
9904, -0.0979004, -0.0234375, 0.9038086, -0.1604068, 5.2080707, -69.5687637
9828, -0.1032715, -0.0239258, 0.8999024, -0.1850094, 5.2320842, -69.5680847
9856, -0.1005859, -0.0180664, 0.9082032, -0.2008727, 5.2490768, -69.5670242
9840, -0.0881348, -0.0158691, 0.9084473, -0.2149132, 5.2516174, -69.5655212
9884, -0.1010742, -0.0187988, 0.9125977, -0.2309073, 5.2690334, -69.5636978
12416, -0.0961914, -0.0190430, 0.9008790, -0.2464859, 5.2799005, -69.5638885
9888, -0.0944824, -0.0212402, 0.8981934, -0.2673593, 5.2948646, -69.5637435
9876, -0.0925293, -0.0178223, 0.9064942, -0.2835909, 5.3059182, -69.5645141
9868, -0.0944824, -0.0134277, 0.9057618, -0.2942900, 5.3206915, -69.5649795
9856, -0.0974121, -0.0197754, 0.9042969, -0.3130594, 5.3385972, -69.5646820
9868, -0.1025391, -0.0224609, 0.9064942, -0.3338649, 5.3605642, -69.5651016
9860, -0.0964356, -0.0195312, 0.9035645, -0.3499170, 5.3716249, -69.5651092
12436, -0.0991211, -0.0200195, 0.9020997, -0.3638069, 5.3796062, -69.5633316
9896, -0.0952149, -0.0153809, 0.9047852, -0.3723003, 5.3853063, -69.5607452
9856, -0.0949707, -0.0180664, 0.9157715, -0.3828820, 5.3876810, -69.5577011
9868, -0.0915527, -0.0161133, 0.9121094, -0.3915471, 5.3857879, -69.5555114
9896, -0.0979004, -0.0161133, 0.9045411, -0.4008783, 5.3919153, -69.5529251
9876, -0.0905762, -0.0183105, 0.9094239, -0.4121361, 5.3920860, -69.5524749
9860, -0.0812988, -0.0224609, 0.9040528, -0.4296876, 5.3866257, -69.5517959
19740, -0.0842285, -0.0246582, 0.9069825, -0.4548843, 5.4056677, -69.5567398
9920, -0.0895996, -0.0363770, 0.8991700, -0.4899619, 5.4127292, -69.5567474
9884, -0.0822754, -0.0285645, 0.8898926, -0.5133149, 5.4066290, -69.5572128
17452, -0.0937500, -0.0129395, 0.8974610, -0.5161263, 5.4141783, -69.5561904
12216, -0.0886231, -0.0229492, 0.9079590, -0.5309438, 5.4106731, -69.5558013
9980, -0.0927734, -0.0146484, 0.9062500, -0.5382850, 5.4148888, -69.5538864
12444, -0.0817871, -0.0219727, 0.8969727, -0.5513742, 5.4062476, -69.5520629
9940, -0.0839844, -0.0222168, 0.9084473, -0.5658076, 5.3998394, -69.5511093
9892, -0.0849609, -0.0166016, 0.9040528, -0.5713562, 5.3922739, -69.5477600
9856, -0.0910645, -0.0156250, 0.8974610, -0.5770838, 5.3915300, -69.5447158
9860, -0.0966797, -0.0134277, 0.9140625, -0.5824625, 5.4000926, -69.5418395
9872, -0.0922852, -0.0026855, 0.9099122, -0.5741243, 5.4092988, -69.5406265
9860, -0.0993652, -0.0114746, 0.9067383, -0.5796972, 5.4243025, -69.5392608
12412, -0.0820313, -0.0292969, 0.9082032, -0.6004893, 5.4162793, -69.5367050
9872, -0.0883789, -0.0244141, 0.9023438, -0.6171979, 5.4149513, -69.5324554
9876, -0.0905762, -0.0129395, 0.9111329, -0.6188485, 5.4130058, -69.5254440
9876, -0.0966797, -0.0119629, 0.9050293, -0.6190499, 5.4163651, -69.5173645
9872, -0.0935059, -0.0095215, 0.9067383, -0.6157226, 5.4122343, -69.5079040
9856, -0.0944824, -0.0034180, 0.8994141, -0.6087863, 5.4135270, -69.4929504
9840, -0.0878906, -0.0114746, 0.9025879, -0.6096978, 5.4031867, -69.4724884
12412, -0.0854492, -0.0122070, 0.9055176, -0.6111893, 5.3892149, -69.4362258
9908, -0.0773926, -0.0063477, 0.9052735, -0.6066080, 5.3646421, -69.3798980
9844, -0.1022949, -0.0207520, 0.9050293, -0.6160757, 5.3646802, -69.3012771
9844, -0.1020508, -0.0185547, 0.9118653, -0.6237266, 5.3724074, -69.2449493
9872, -0.0983887, -0.0185547, 0.8945313, -0.6319372, 5.3777961, -69.2031860
9880, -0.0881348, -0.0139160, 0.8933106, -0.6415701, 5.3725757, -69.1526489
12420, -0.0876465, -0.0231934, 0.8937989, -0.6566410, 5.3622016, -69.0993423
9912, -0.0837402, -0.0163574, 0.9047852, -0.6654019, 5.3453068, -69.0425567
9852, -0.0852051, 0.0227051, 0.9052735, -0.6365499, 5.3367919, -68.9412994
9828, -0.0891113, 0.0229492, 0.8918457, -0.6464894, 5.3530988, -68.7077026
9820, -0.0195312, 0.0068359, 0.9172364, -0.6278378, 5.2419090, -68.5913314
9824, 0.0715332, 0.1147461, 0.8745118, -0.5244881, 5.0535321, -68.2921066
9792, -0.0080566, 0.0444336, 0.9182129, -0.4497262, 4.9357271, -68.2644958
12012, -0.0864258, 0.0087891, 0.8991700, -0.4151816, 4.9131751, -68.2416076
9872, -0.0859375, -0.0178223, 0.9018555, -0.4119318, 4.8967690, -68.2239074
9868, -0.0983887, -0.0388184, 0.9018555, -0.4237169, 4.8866791, -68.2112731
9868, -0.0803223, -0.0148926, 0.8940430, -0.4122351, 4.8602566, -68.2005615
9844, -0.0822754, -0.0141602, 0.9035645, -0.3980011, 4.8392610, -68.1903228
9852, -0.0913086, -0.0144043, 0.8925782, -0.3911433, 4.8381290, -68.1829071
9868, -0.0864258, -0.0029297, 0.9067383, -0.3776258, 4.8357062, -68.1771469
64244, -0.0839844, -0.0039063, 0.9052735, -0.2028190, 4.5864896, -67.9749374
9876, -0.0854492, -0.0139160, 0.8959961, -0.1928073, 4.5629329, -67.9320449
9848, -0.0720215, -0.0119629, 0.9094239, -0.1973443, 4.5457820, -67.8614273
9860, -0.0905762, -0.0043945, 0.8945313, -0.1625421, 4.5203437, -67.8325805
9852, -0.0773926, -0.0017090, 0.9145508, -0.1301069, 4.4836111, -67.8090896
9824, -0.0800781, -0.0175781, 0.9018555, -0.1163522, 4.4488086, -67.7808837
12364, -0.0922852, -0.0139160, 0.9003907, -0.0761552, 4.3963766, -67.7431564
9896, -0.0729980, -0.0031738, 0.9030762, -0.0362567, 4.3400335, -67.7071380
9812, -0.0200195, 0.0517578, 0.9519043, 0.0409727, 4.2540712, -67.6810379
9752, -0.0598145, 0.0161133, 0.9047852, 0.0664352, 4.2343468, -67.6486358
9796, -0.0688477, -0.0019531, 0.9082032, 0.0632727, 4.2339553, -67.6140136
9812, -0.0854492, -0.0085449, 0.9096680, 0.0498325, 4.2543387, -67.5581436
9812, -0.0812988, -0.1726074, 0.8986817, -0.1780968, 4.2627143, -67.4093399
27256, -0.0549316, 0.0129395, 0.9333497, -0.1028180, 4.1988654, -67.3211517
12160, -0.0700684, -0.0017090, 0.9055176, -0.1105983, 4.1988182, -67.2731628
9960, -0.0983887, -0.0229492, 0.9208985, -0.1411554, 4.2275066, -67.1774444
9920, -0.1721191, 0.0429687, 0.8005372, -0.1741631, 4.3335947, -66.5711898
9896, 0.0390625, 0.1298828, 0.9191895, -0.0593329, 4.2205085, -66.4373016
9828, -0.0610352, 0.2114258, 1.0275878, 0.1365930, 4.1788129, -66.1371536
9836, -0.1892090, -0.0761719, 0.9655762, 0.0631495, 4.2866468, -66.0349349
12300, 0.3859863, 0.2915039, 0.9147950, 0.2610993, 3.8601486, -65.5262603
9788, -0.2121582, -0.1193848, 0.9357911, 0.1801302, 3.9687986, -65.3416900
9828, 0.3159180, 0.2282715, 0.6838379, 0.3236656, 3.6158087, -64.7727050
9752, 0.2429199, 0.4692383, 0.6271973, 0.8976098, 3.2793581, -64.7566833
9760, 0.0595703, 0.1730957, 0.8691407, 1.0715715, 3.1445317, -64.7249374
9752, -0.0422363, 0.0146484, 0.9357911, 1.0478296, 3.1253271, -64.6633911
12328, 0.1940918, 0.1423340, 0.9550782, 1.1234494, 2.8373592, -64.2449569
9804, -0.7988281, -0.5842285, 1.1425781, 0.8432794, 3.2270748, -64.2603836
9832, 0.0134277, -0.0937500, 0.9628907, 0.7416102, 3.1197698, -64.1326065
9780, -0.7084961, -0.0834961, 1.0881347, 0.4640049, 3.8225231, -63.5517005
9812, 0.2634277, 0.4492187, 0.7770996, 0.8574305, 3.5401611, -63.4641799
9748, 0.4055176, 0.3017578, 0.9958497, 1.0444800, 3.0683288, -63.0008277
9732, 0.3635254, 0.2326660, 0.6694336, 1.1894500, 2.6523594, -62.2162551
12284, -0.0854492, -0.1689453, 1.1005859, 1.0321899, 2.6499710, -61.9987411
9868, 0.5056152, 0.5246582, 0.6811523, 1.4203739, 2.1728873, -61.5772247
9756, 0.2163086, 0.0068359, 0.9719239, 1.4480307, 1.8246404, -61.2308349
9748, -0.6286621, -0.8151856, 0.8703614, 0.9967578, 2.1125993, -61.2340011
9828, 0.1674805, -0.0219727, 1.0974121, 0.9076094, 1.9295383, -60.7741928
9808, -0.2880859, 0.1955566, 0.6823730, 1.0423678, 2.2581231, -60.4819412
9804, 0.3496094, 0.2487793, 0.9643555, 1.1041891, 1.9227809, -59.4648513
12276, 0.1621094, 0.0344238, 0.8894043, 1.0983113, 1.6889533, -59.1107254
9800, 0.1135254, 0.0722656, 0.8510743, 1.1243894, 1.3830988, -58.4907341
9744, -0.7412109, -0.3464355, 0.7414551, 0.6863173, 2.0748302, -57.8655509
9812, -0.0161133, 0.2260742, 0.8540040, 0.9170750, 2.0622110, -57.7673149
9780, 0.7604980, 0.2092285, 0.7849121, 1.0109782, 1.3098945, -57.1153373
9740, 0.1433105, 0.5354004, 1.0339355, 1.3668178, 1.2054512, -56.5683212
9756, -1.1054687, -1.3835449, 0.7829590, 0.5026681, 1.7671835, -56.1955490
12396, 0.2687988, -0.0480957, 0.9875489, 0.4640996, 1.4202848, -55.8842926
9816, 0.1804199, -0.0327148, 1.1279296, 0.3409467, 1.1881580, -55.1569709
9800, -0.1899414, -0.7792969, 1.0502929, -0.4226837, 1.2430626, -54.0708732
9860, 0.1459961, 0.1726074, 0.6184082, -0.3318949, 1.0629941, -53.3890495
9796, 0.3176270, 0.3227539, 0.7246094, -0.1359308, 0.7451908, -52.6435012
9792, -0.7453613, -0.8918457, 0.2973633, -1.1466267, 1.4699506, -51.7954483
9868, 0.4482422, 0.5104980, 1.0192871, -0.9580122, 1.1418342, -51.0527076
12336, -0.2912598, -0.7812500, 0.5915527, -1.9039094, 1.2691942, -49.5169334
9900, -1.1000976, -0.9675293, 0.5529785, -2.4078090, 1.8804004, -49.2439193
9836, 0.1691895, -0.2419434, 0.7734375, -2.6672501, 1.6235930, -48.7399597
9852, 0.1018066, 1.0534667, 1.3452148, -2.2455358, 1.5357079, -47.3485183
9800, 0.1408691, -0.3295898, 0.4528809, -2.8789591, 1.4092791, -46.3172302
9832, 0.3276367, 0.7387695, 1.0986328, -2.5586853, 1.3098764, -45.1323547
12404, -0.5305176, 0.4511719, 1.3149414, -2.5045073, 1.6055934, -43.7823181
9888, -0.5356445, 0.5534668, 1.3847656, -2.2719614, 1.8180422, -42.9372863
9852, 0.8393555, -0.7280273, 0.2788086, -2.9017341, 1.0612835, -41.8571434
17456, -0.8862305, -0.2297363, 0.6616211, -3.4710421, 1.8455694, -40.1096611
12196, 0.6857910, 0.4025879, 0.9655762, -3.1505138, 1.3317816, -38.9461288
9896, -1.9819335, -0.0222168, 0.7292480, -3.5395498, 2.7014579, -38.3074645
9904, 0.9528809, -0.1320801, 1.2419433, -3.6259164, 2.1069896, -37.2440986
19772, 0.2207031, -1.5888671, -0.6662598, -5.8937177, 1.5258667, -35.2396888
9964, 1.6359863, -0.8793946, 0.2124023, -6.2536811, 0.4816933, -33.9766426
9864, -0.4411621, 0.5673828, 1.3454589, -5.9764199, 0.7083054, -32.8453979
9860, -0.5168457, 0.7165527, 1.6665039, -5.6014709, 0.8048969, -31.4899864
9852, -1.2778320, 0.8601075, 1.9890136, -5.3602795, 1.3324528, -30.5320091
9848, 0.6628418, -0.1496582, 1.3686523, -5.3357849, 0.9541851, -29.4572086
9864, -0.7514648, -0.7307129, 0.2592773, -6.0845503, 1.6028351, -28.1249580
12408, -1.0297851, 0.1704102, 0.7358398, -6.1428508, 2.6020610, -27.3743724
9856, 0.3977051, -0.3442383, 0.8896485, -6.2967314, 2.1519849, -26.6736164
9856, -0.7404785, 0.8264161, 1.4562988, -6.1158018, 2.4607839, -25.4527835
9844, -0.1975098, -0.5666504, 0.4013672, -7.0957779, 2.6513450, -24.2216320
9852, -0.2033691, 0.5903320, 1.7478027, -6.7427773, 2.6442136, -22.9430904
9824, 0.9797364, -1.1979980, -0.1193848, -7.6151781, 1.7697496, -21.4459991
12436, -0.0034180, -0.2028809, -0.0153809, -9.2414216, 1.5962581, -19.7770023
9924, 0.9831543, -0.4802246, 0.6296387, -9.3330221, 0.9155653, -18.2959575
9832, 0.2170410, 0.4558105, 1.3210449, -8.9532461, 0.6235179, -17.0219497
9788, -0.4333496, 0.0168457, 0.4035645, -8.6071262, 1.4767212, -15.7923393
9844, -1.0361328, 0.6667480, 1.9999389, -8.3966007, 1.8001527, -14.6964082
9824, -1.1193847, 1.0397949, 1.8076171, -8.1352062, 2.2069103, -14.1106147
9844, -0.0078125, 0.4973145, 1.9013671, -7.8067154, 2.1559572, -13.0880279
12392, 0.0014648, 0.2014160, 1.2656250, -7.7458238, 2.1496682, -11.7630920
9832, 0.6572266, -0.5783691, 0.2651367, -8.0950317, 1.1858611, -10.9120159
9832, -0.3254395, 0.3654785, 1.2353515, -7.7626380, 1.3477811, -9.7636585
9828, -1.0002441, 0.8115235, 1.9145507, -7.3679833, 1.7357006, -8.8612241
9800, -0.5192871, -0.9553223, 0.9328614, -7.9866051, 2.1509323, -8.6760101
9832, 0.0656738, -0.0966797, 0.9531250, -7.8593759, 1.9379472, -8.4459419
9792, -0.1115723, 0.0029297, 0.7270508, -7.7697696, 2.1150693, -8.1936750
12340, -0.1291504, -0.1579590, 0.9204102, -7.7734146, 2.1546058, -7.9033193
9872, -0.0012207, -0.0773926, 0.9645997, -7.7018852, 2.0928831, -7.6682133
9828, -0.2119141, -0.0864258, 0.7812500, -7.6940870, 2.3193125, -7.2561607
9824, -0.3193359, 0.1105957, 1.0051269, -7.5808253, 2.6252884, -6.7913284
9800, 0.2770996, 0.0190430, 0.8908692, -7.5487098, 2.2971544, -6.1926355
9748, 0.1179199, -0.2631836, 0.9216309, -7.6943473, 2.1184842, -5.7600936
9800, 0.1433105, -0.2019043, 0.9020997, -7.7442131, 1.9128556, -5.2756748
12368, 0.3737793, 0.0795898, 0.9538575, -7.6632008, 1.4757497, -4.4426469
9788, 0.1281738, -0.2119141, 0.3295898, -8.2451896, 1.1496018, -2.9138002
9800, 0.1420898, 0.9870606, 1.8488769, -7.7316398, 1.2294183, -1.3274718
9744, 0.9316407, -0.7145996, -0.2014160, -8.5993623, 0.1220515, 0.6612221
9780, -0.2722168, 1.9497070, 1.9999389, -7.8091177, 0.2579160, 2.4063901
9732, -1.5976562, 0.0500488, 0.3508301, -7.9524393, 1.5942038, 4.6547474
9764, -0.9458008, -0.4238281, 0.0913086, -8.4405565, 2.7426762, 6.2553658
12352, 0.4624023, 0.0773926, 1.0837402, -8.3745155, 2.3243708, 7.7922716
9756, 0.8144532, -0.8110352, 0.1791992, -8.9747962, 1.5577485, 8.7750110
9744, 0.9775391, 0.1481934, 1.2770996, -8.7562389, 0.9731875, 9.5249261
9720, -0.8383790, -0.3962402, 0.6115723, -9.0018024, 1.6370124, 10.2073602
9812, 0.3244629, 0.1391602, 1.0000000, -8.7452478, 1.3493926, 10.8105583
17340, -0.1599121, 0.1772461, 1.0837402, -8.5072154, 1.4454615, 11.6758565
14696, 0.2519531, 0.2141113, 0.8903809, -8.2223291, 1.2331612, 12.4372482
9888, -0.0351562, 0.2778320, 0.7517090, -7.7795677, 1.2439106, 13.0109043
9796, 0.4394531, -0.3010254, 0.6621094, -8.0047082, 0.7381643, 13.6806669
9804, 0.1418457, -0.4899902, 0.6154785, -8.6790208, 0.4712581, 14.4176979
9828, 0.6601562, 0.2172852, 1.4201660, -8.2583513, 0.1126820, 15.2949419
9776, 0.4440918, -0.8259278, -0.5986328, -10.3163499, -1.1586321, 16.2364597
9944, -0.6801758, -0.1501465, -0.0034180, -10.5641565, 0.4724449, 17.0301017
19764, 0.6494141, -0.6506348, 0.4504395, -10.9133634, 0.0275211, 19.0104961
9884, 0.6320801, -0.7307129, -0.0556641, -11.7947273, -0.7440084, 19.7398319
9912, -1.3161621, 0.3005371, 1.2749023, -11.6622495, 0.0162553, 20.3477630
9860, 0.7961426, -0.1621094, 1.3093261, -11.4383678, -0.4615687, 21.0204887
9888, 0.4965820, 0.3571777, 0.6350098, -10.9208269, -0.8922976, 21.8471984
9844, 0.1774902, 0.3347168, 0.5771484, -10.4266948, -1.0108822, 22.6326866
9856, 0.2712402, 0.6662598, 0.9526368, -9.8314580, -1.0974712, 23.4083271
12356, -0.1235352, 0.1745605, 1.0080566, -9.6218175, -0.9984668, 24.2533874
9880, 0.4577637, -0.1064453, 0.7553711, -9.6168403, -1.4915504, 25.0071201
9824, 0.3647461, -0.2116699, 0.7766113, -9.6025543, -1.7716394, 25.6758136
9860, -0.0717773, 0.3249512, 1.1835937, -9.2304859, -1.7026629, 26.1600189
9844, 0.0976563, -0.3623047, 0.8452149, -9.4093551, -1.7729763, 26.2363471
9836, -0.0695801, -0.0437012, 0.9558106, -9.2717132, -1.6598925, 26.2684001
9840, -0.0615234, -0.0710449, 0.9189454, -9.1697072, -1.5551978, 26.2758731
12412, -0.0541992, -0.0576172, 0.9028321, -9.0592784, -1.4570722, 26.2868556
9876, -0.0568848, -0.0649414, 0.9155274, -8.9544496, -1.3618947, 26.2931060
9856, -0.0439453, -0.0402832, 0.9150391, -8.8275985, -1.2813071, 26.2964572
9856, -0.0461426, -0.0493164, 0.9223633, -8.7109336, -1.1997333, 26.2978229
9868, -0.0534668, -0.0368652, 0.9184571, -8.5863838, -1.1092021, 26.2958297
9844, -0.0615234, -0.0493164, 0.9211426, -8.4750261, -1.0141311, 26.2937602
12412, -0.0637207, -0.0417480, 0.9067383, -8.3549013, -0.9165299, 26.2910022
9872, -0.0495605, -0.0478516, 0.9094239, -8.2412853, -0.8412435, 26.2893142
9848, -0.0629883, -0.0388184, 0.9343262, -8.1181373, -0.7532675, 26.2874736
9868, -0.0480957, -0.0290527, 0.9079590, -7.9929571, -0.6805790, 26.2869167
9824, -0.0546875, -0.0417480, 0.9118653, -7.8814330, -0.6017943, 26.2844352
9844, -0.0522461, -0.0437012, 0.9042969, -7.7763857, -0.5290540, 26.2829151
9848, -0.0646973, -0.0566406, 0.9211426, -7.6846857, -0.4432317, 26.2818088
12400, -0.0454102, -0.0358887, 0.9025879, -7.5732049, -0.3797696, 26.2810649
9880, -0.0534668, -0.0358887, 0.9162598, -7.4665021, -0.3091726, 26.2817440
9848, -0.0629883, -0.0581055, 0.9165040, -7.3840184, -0.2292783, 26.2824058
9840, -0.0561523, -0.0424805, 0.9189454, -7.2865796, -0.1589849, 26.2819862
9848, -0.0583496, -0.0344238, 0.9118653, -7.1802334, -0.0845615, 26.2827415
9852, -0.0676270, -0.0424805, 0.9152832, -7.0862054, -0.0012161, 26.2827339
9844, -0.0629883, -0.0397949, 0.9218750, -6.9917831, 0.0734215, 26.2819023
12384, -0.0444336, -0.0446777, 0.9108887, -6.9050345, 0.1237419, 26.2810974
9860, -0.0576172, -0.0334473, 0.9091797, -6.8059043, 0.1887552, 26.2795619
9816, -0.0593262, -0.0410156, 0.9152832, -6.7164487, 0.2553734, 26.2799663
9820, -0.0600586, -0.0378418, 0.9123536, -6.6260995, 0.3206474, 26.2805080
9796, -0.0524902, -0.0292969, 0.9138184, -6.5295610, 0.3753961, 26.2840251
9812, -0.0517578, -0.0349121, 0.9135743, -6.4404768, 0.4312335, 26.2862167
12384, -0.0600586, -0.0480957, 0.9143067, -6.3690123, 0.4944769, 26.2865734
9828, -0.0583496, -0.0466309, 0.9218750, -6.2949981, 0.5525704, 26.2864131
17408, -0.0522461, -0.0422363, 0.9001465, -6.2184314, 0.6067362, 26.2883224
12132, -0.0610352, -0.0317383, 0.9201661, -6.1297888, 0.6664509, 26.2862968
9920, -0.0571289, -0.0407715, 0.9123536, -6.0565152, 0.7212538, 26.2849159
9836, -0.0595703, -0.0395508, 0.9150391, -5.9834494, 0.7805659, 26.2849082
9824, -0.0578613, -0.0512695, 0.9106446, -5.9258227, 0.8334280, 26.2849006
12376, -0.0600586, -0.0422363, 0.9133301, -5.8562088, 0.8891369, 26.2839736
9848, -0.0563965, -0.0422363, 0.9121094, -5.7900505, 0.9379836, 26.2853393
9788, -0.0593262, -0.0419922, 0.9111329, -5.7239031, 0.9910352, 26.2863368
9820, -0.0637207, -0.0473633, 0.9106446, -5.6654343, 1.0488709, 26.2860546
9808, -0.0625000, -0.0451660, 0.9167481, -5.6050233, 1.1036591, 26.2861843
9808, -0.0539551, -0.0424805, 0.9052735, -5.5467214, 1.1496703, 26.2869396
9816, -0.0463867, -0.0302734, 0.9108887, -5.4735774, 1.1849281, 26.2848701
19708, -0.0454102, -0.0283203, 0.9064942, -5.4025597, 1.2196952, 26.2869911
9880, -0.0502930, -0.0356445, 0.9038086, -5.3381891, 1.2582726, 26.2878074
9836, -0.0505371, -0.0363770, 0.9028321, -5.2776126, 1.2986731, 26.2888679
9844, -0.0468750, -0.0405273, 0.9001465, -5.2216091, 1.3304291, 26.2888603
9832, -0.0446777, -0.0375977, 0.9030762, -5.1638998, 1.3591790, 26.2877826
9840, -0.0468750, -0.0341797, 0.9089356, -5.1004524, 1.3901833, 26.2875003
12376, -0.0615234, -0.0375977, 0.9023438, -5.0416126, 1.4402417, 26.2891387
9864, -0.0444336, -0.0375977, 0.9072266, -4.9867181, 1.4643161, 26.2885189
9836, -0.0468750, -0.0371094, 0.8952637, -4.9344315, 1.4931167, 26.2878990
9820, -0.0456543, -0.0395508, 0.8945313, -4.8846750, 1.5198246, 26.2876167
9828, -0.0512695, -0.0278320, 0.9052735, -4.8191843, 1.5518568, 26.2881584
9828, -0.0490723, -0.0292969, 0.8955079, -4.7592535, 1.5813218, 26.2896614
9832, -0.0456543, -0.0349121, 0.9094239, -4.7060194, 1.6055241, 26.2884178
12424, -0.0485840, -0.0358887, 0.8916016, -4.6587810, 1.6352706, 26.2873077
9840, -0.0507812, -0.0312500, 0.9001465, -4.6024427, 1.6650563, 26.2866878
9812, -0.0517578, -0.0341797, 0.9047852, -4.5524101, 1.6949400, 26.2861747
9820, -0.0422363, -0.0375977, 0.9113770, -4.5052528, 1.7108654, 26.2853431
9828, -0.0544434, -0.0290527, 0.9050293, -4.4490284, 1.7429897, 26.2853355
9812, -0.0490723, -0.0380859, 0.9023438, -4.4066505, 1.7675346, 26.2851905
9808, -0.0441895, -0.0395508, 0.9067383, -4.3659424, 1.7855826, 26.2838077
12404, -0.0559082, -0.0405273, 0.8984375, -4.3287367, 1.8175359, 26.2857818
9848, -0.0454102, -0.0356445, 0.9074707, -4.2843499, 1.8366924, 26.2851619
9836, -0.0551758, -0.0354004, 0.9101563, -4.2414221, 1.8649331, 26.2859783
9824, -0.0468750, -0.0351562, 0.9079590, -4.1979598, 1.8862638, 26.2861232
9824, -0.0471191, -0.0402832, 0.9101563, -4.1616864, 1.9029841, 26.2841300
9816, -0.0502930, -0.0432129, 0.9123536, -4.1292667, 1.9259216, 26.2832984
9836, -0.0537109, -0.0429687, 0.9072266, -4.0961828, 1.9515858, 26.2822208
12360, -0.0598145, -0.0283203, 0.9077149, -4.0482597, 1.9864900, 26.2818450
9844, -0.0573730, -0.0266113, 0.9008790, -3.9994995, 2.0159842, 26.2804622
9792, -0.0532227, -0.0366211, 0.9050293, -3.9606790, 2.0386440, 26.2786216
9808, -0.0527344, -0.0454102, 0.9104004, -3.9325728, 2.0620410, 26.2780647
9792, -0.0476074, -0.0432129, 0.9033204, -3.9040212, 2.0768396, 26.2772331
9820, -0.0483398, -0.0429687, 0.9152832, -3.8759522, 2.0905108, 26.2780628
12416, -0.0510254, -0.0373535, 0.9057618, -3.8421794, 2.1096513, 26.2778701
9852, -0.0488281, -0.0354004, 0.9045411, -3.8067364, 2.1270012, 26.2775878
9812, -0.0256348, -0.0339355, 0.9079590, -3.7744224, 2.1170632, 26.2775802
9828, -0.0424805, -0.0473633, 0.9135743, -3.7520070, 2.1246745, 26.2765026
9824, -0.0561523, -0.0324707, 0.9191895, -3.7141065, 2.1466882, 26.2766323
17436, -0.0573730, -0.0422363, 0.9143067, -3.6869595, 2.1720237, 26.2760982
12132, -0.0524902, -0.0461426, 0.9055176, -3.6657867, 2.1927125, 26.2748050
12488, -0.0478516, -0.0422363, 0.9079590, -3.6387195, 2.2054491, 26.2736034
9876, -0.0517578, -0.0385742, 0.9086915, -3.6088924, 2.2242648, 26.2742061
9852, -0.0517578, -0.0454102, 0.9074707, -3.5876376, 2.2398750, 26.2737865
9848, -0.0537109, -0.0388184, 0.9257813, -3.5601449, 2.2580790, 26.2743282
9820, -0.0522461, -0.0463867, 0.9121094, -3.5413217, 2.2711219, 26.2743186
9840, -0.0517578, -0.0476074, 0.9135743, -3.5247554, 2.2848551, 26.2732124
9824, -0.0634766, -0.0427246, 0.9199219, -3.5018608, 2.3143866, 26.2742729
12392, -0.0507812, -0.0429687, 0.9123536, -3.4803287, 2.3256337, 26.2744464
9864, -0.0473633, -0.0415039, 0.9125977, -3.4557268, 2.3353846, 26.2737655
9832, -0.0541992, -0.0468750, 0.9116211, -3.4401116, 2.3554928, 26.2732086
9820, -0.0607910, -0.0378418, 0.9187012, -3.4157991, 2.3822343, 26.2735061
9820, -0.0561523, -0.0461426, 0.9147950, -3.4002311, 2.4006006, 26.2730865
9800, -0.0593262, -0.0380859, 0.9099122, -3.3779900, 2.4242904, 26.2720699
19712, -0.0617676, -0.0393066, 0.9130860, -3.3559291, 2.4484577, 26.2729244
9892, -0.0678711, -0.0388184, 0.9116211, -3.3330945, 2.4814052, 26.2729167
9864, -0.0554199, -0.0444336, 0.9086915, -3.3192896, 2.4993426, 26.2727718
9856, -0.0551758, -0.0510254, 0.9038086, -3.3147077, 2.5174531, 26.2718029
9828, -0.0449219, -0.0190430, 0.9184571, -3.2713022, 2.5218968, 26.2701148
9864, -0.0502930, -0.0249023, 0.9130860, -3.2344949, 2.5354683, 26.2718944
9840, -0.0493164, -0.0278320, 0.9055176, -3.2026898, 2.5448777, 26.2709693
12388, -0.0600586, -0.0415039, 0.9125977, -3.1887886, 2.5659222, 26.2711563
9860, -0.0507812, -0.0437012, 0.9057618, -3.1763730, 2.5751614, 26.2708435
9820, -0.0498047, -0.0424805, 0.9091797, -3.1639246, 2.5860664, 26.2709732
9804, -0.0488281, -0.0275879, 0.9243165, -3.1345608, 2.5932989, 26.2720336
9836, -0.0502930, -0.0266113, 0.9096680, -3.1056635, 2.6058461, 26.2718734
9808, -0.0466309, -0.0363770, 0.9138184, -3.0879554, 2.6085069, 26.2722778
9812, -0.0517578, -0.0390625, 0.8925782, -3.0750076, 2.6212060, 26.2713527
12348, -0.0468750, -0.0310059, 0.9182129, -3.0538308, 2.6261332, 26.2689609
9848, -0.0537109, -0.0322266, 0.9121094, -3.0339093, 2.6401386, 26.2692584
9808, -0.0444336, -0.0310059, 0.9111329, -3.0155782, 2.6424629, 26.2707767
9828, -0.0517578, -0.0341797, 0.9091797, -2.9990530, 2.6567993, 26.2707691
9812, -0.0510254, -0.0385742, 0.8925782, -2.9890691, 2.6663279, 26.2696628
9816, -0.0461426, -0.0366211, 0.9052735, -2.9739673, 2.6686835, 26.2689819
9840, -0.0444336, -0.0375977, 0.9001465, -2.9615039, 2.6695003, 26.2676010
12360, -0.0461426, -0.0266113, 0.9216309, -2.9371164, 2.6749711, 26.2652091
9872, -0.0480957, -0.0297852, 0.9099122, -2.9181203, 2.6829895, 26.2647418
9812, -0.0473633, -0.0327148, 0.9011231, -2.8995313, 2.6869893, 26.2654037
9844, -0.0458984, -0.0341797, 0.8991700, -2.8846640, 2.6882772, 26.2652587
9816, -0.0480957, -0.0310059, 0.8908692, -2.8671317, 2.6970105, 26.2650985
9800, -0.0490723, -0.0368652, 0.8937989, -2.8549215, 2.7047164, 26.2659149
12380, -0.0437012, -0.0344238, 0.9028321, -2.8415639, 2.7042841, 26.2660884
9864, -0.0480957, -0.0285645, 0.9096680, -2.8205962, 2.7093613, 26.2645702
9808, -0.0485840, -0.0351562, 0.9038086, -2.8089496, 2.7161347, 26.2644100
9804, -0.0439453, -0.0373535, 0.8981934, -2.7979922, 2.7139170, 26.2656383
9840, -0.0478516, -0.0388184, 0.9035645, -2.7891504, 2.7187485, 26.2662410
9820, -0.0520020, -0.0375977, 0.9030762, -2.7776474, 2.7299771, 26.2654685
9812, -0.0585937, -0.0358887, 0.9013672, -2.7639586, 2.7469987, 26.2650012
12372, -0.0461426, -0.0400391, 0.9023438, -2.7573127, 2.7491109, 26.2635250
17452, -0.0461426, -0.0361328, 0.9045411, -2.7404758, 2.7504301, 26.2613105
12136, -0.0539551, -0.0415039, 0.8986817, -2.7322568, 2.7615609, 26.2623996
9920, -0.0549316, -0.0344238, 0.8967286, -2.7174892, 2.7734797, 26.2622394
9852, -0.0541992, -0.0297852, 0.9077149, -2.6973462, 2.7830410, 26.2598953
9852, -0.0554199, -0.0334473, 0.9025879, -2.6808574, 2.7925972, 26.2578716
9844, -0.0461426, -0.0407715, 0.9123536, -2.6734781, 2.7918422, 26.2570400
12384, -0.0461426, -0.0393066, 0.8947754, -2.6659851, 2.7903232, 26.2568473
9864, -0.0522461, -0.0275879, 0.9038086, -2.6431117, 2.7982583, 26.2568397
9832, -0.0485840, -0.0310059, 0.9016114, -2.6254246, 2.8020179, 26.2578372
9820, -0.0473633, -0.0297852, 0.9084473, -2.6077530, 2.8030362, 26.2576923
9816, -0.0559082, -0.0280762, 0.9111329, -2.5857081, 2.8122137, 26.2572727
9820, -0.0371094, -0.0485840, 0.9133301, -2.5906651, 2.7985854, 26.2586383
9816, -0.0405273, -0.0419922, 0.9091797, -2.5875484, 2.7904000, 26.2586307
12376, -0.0498047, -0.0322266, 0.9062500, -2.5743327, 2.7948634, 26.2572307
9860, -0.0517578, -0.0361328, 0.9104004, -2.5635564, 2.8014903, 26.2563056
9816, -0.0424805, -0.0415039, 0.8942872, -2.5636427, 2.7968387, 26.2557487
9832, -0.0434570, -0.0473633, 0.9116211, -2.5672123, 2.7907083, 26.2535419
9824, -0.0561523, -0.0397949, 0.9118653, -2.5599226, 2.8033363, 26.2479915
9828, -0.0825195, -0.0241699, 0.9145508, -2.5283646, 2.8460621, 26.2330074
19736, -0.0507812, -0.0415039, 0.9235840, -2.5227718, 2.8503782, 26.2266101
9872, -0.0532227, -0.0493164, 0.9106446, -2.5290420, 2.8551185, 26.2232437
9852, -0.0563965, -0.0397949, 0.9152832, -2.5239603, 2.8634343, 26.2210979
9836, -0.0434570, -0.0390625, 0.9328614, -2.5148081, 2.8546085, 26.2219142
9840, -0.0651855, -0.0415039, 0.9165040, -2.5109264, 2.8724510, 26.2202262
9836, -0.0290527, -0.0942383, 0.9406739, -2.5673758, 2.8516895, 26.2282772
9848, -0.1037598, -0.0563965, 0.9006348, -2.5739219, 2.9132272, 26.2275829
12392, -0.0480957, -0.0280762, 0.9196778, -2.5545306, 2.9106418, 26.2292213
9848, -0.0815430, -0.0305176, 0.9179688, -2.5379090, 2.9495825, 26.2315025
9812, -0.0537109, -0.0361328, 0.9135743, -2.5273251, 2.9533777, 26.2292957
9832, -0.0466309, -0.0388184, 0.9182129, -2.5230734, 2.9508414, 26.2255783
9828, -0.1147461, -0.0102539, 0.8974610, -2.4859569, 3.0355448, 26.2215995
9844, -0.0212402, -0.0339355, 0.8974610, -2.4790327, 3.0043962, 26.2184314
9832, -0.0314941, -0.0266113, 0.9167481, -2.4636383, 2.9863670, 26.2121639
12400, -0.0776367, -0.0236816, 0.8977051, -2.4549441, 3.0218992, 26.2119541
9868, -0.0715332, -0.0214844, 0.9006348, -2.4375402, 3.0517494, 26.2110290
9808, -0.0554199, -0.0566406, 0.9184571, -2.4593477, 3.0571877, 26.2097854
9796, -0.0458984, -0.0444336, 0.9067383, -2.4669532, 3.0536167, 26.2093181
9816, -0.0473633, -0.0361328, 0.9118653, -2.4633934, 3.0505723, 26.2082405
9824, -0.0407715, -0.0363770, 0.9245606, -2.4580421, 3.0371425, 26.2061710
12372, -0.0622559, -0.0329590, 0.9160157, -2.4479420, 3.0526359, 26.2054271
9860, -0.0583496, -0.0314941, 0.9150391, -2.4368855, 3.0613126, 26.2051143
9824, -0.0568848, -0.0395508, 0.9196778, -2.4359695, 3.0662431, 26.2046470
9792, -0.0432129, -0.0361328, 0.9096680, -2.4321193, 3.0585105, 26.2003631
9820, -0.0356445, -0.0354004, 0.9182129, -2.4286258, 3.0384705, 26.1936225
9820, -0.0478516, -0.0278320, 0.9182129, -2.4151592, 3.0358159, 26.1879806
9824, -0.0500488, -0.0229492, 0.9089356, -2.3989815, 3.0404529, 26.1851158
12360, -0.0527344, -0.0432129, 0.9013672, -2.4092600, 3.0479521, 26.1852893
9844, -0.0515137, -0.0356445, 0.9074707, -2.4073653, 3.0508017, 26.1847324
9808, -0.0454102, -0.0373535, 0.9101563, -2.4088683, 3.0453367, 26.1839599
9820, -0.0532227, -0.0312500, 0.9106446, -2.4016616, 3.0485897, 26.1854782
